Report Refresh Date,Team Id,Team Name,Last Activity Date,Team Type,Is Deleted,Report Period,Active Users,Active Channels,Channel Messages,Reactions,Meetings Organized,Post Messages,Reply Messages,Urgent Messages,Mentions,Guests,Active Shared Channels,Active External Users
2022-09-10,00448f49-03f4-4a2d-92b1-e259dec84e7e,ITSP Team,2022-09-10,Private,False,180,6,1,0,0,0,0,0,0,0,1,0,0
2022-09-10,01219490-4a7d-466c-beba-c9900ea55078,DPSI#BI-Prestasi,2022-08-22,Private,False,180,2,1,0,0,0,0,0,0,0,0,0,0
2022-09-10,026ba2af-92ef-436d-aac5-b26c7d53085a,DAI-KASI,2022-08-23,Private,False,180,8,1,2,0,0,2,0,0,0,0,0,0
2022-09-10,033ecbdd-0005-4f29-9c0d-b226a6f3d74f,KRRK-PMO,2022-09-08,Private,False,180,11,5,0,0,1,0,0,0,0,0,0,0
2022-09-10,039f81da-a764-4843-9be4-5e560009ee9a,System & Perangkat,2022-08-15,Private,False,180,5,1,1,0,0,0,1,0,0,0,0,0
2022-09-10,03cab723-b46d-4592-ba04-b865b82a9140,KPwBI Beijing,2022-09-09,Private,False,180,4,1,5,0,0,1,4,0,1,0,0,0
2022-09-10,03f30184-216a-4103-bb69-e653aad615ac,Kolaborasi PM - MPSI,2022-03-09,Private,False,180,0,0,0,0,0,0,0,0,0,0,0,0
2022-09-10,05648613-5bf7-44c1-b47b-a91f44c599d3,DKSP Pengaturan,2022-09-05,Private,False,180,5,1,0,0,0,0,0,0,0,0,0,0
2022-09-10,0623bf21-d871-4aa5-ad2c-b5d8e90a941c,Kelompok 1,2022-09-09,Private,False,180,11,1,0,0,0,0,0,0,0,0,0,0
2022-09-10,06d5e64e-6ed2-426f-8a10-f73aef4662ba,PMO-UKPS,2022-09-05,Private,False,180,11,1,14,0,0,5,9,0,9,0,0,0
2022-09-10,089e5377-400c-4c5a-9198-a4e714602903,KPwBI Provinsi Maluku,2022-09-06,Private,False,180,36,12,39,1,10,10,18,0,3,0,0,0
2022-09-10,09dd9dc1-921b-40d3-b96a-58012ae3e7e3,DKEMers TMI,2022-09-01,Private,False,180,6,1,0,0,0,0,0,0,0,0,0,0
2022-09-10,0af5f6f2-5fd7-40ff-8808-c99c3ed69d3f,ICO BI,2022-09-09,Private,False,180,196,1,29,1,0,6,17,0,3,1,0,0
2022-09-10,0b18862a-1b46-4ba3-a296-a80b93a9058e,KPwBI Provinsi Sulawesi Tenggara,2022-09-10,Private,False,180,40,16,282,61,0,70,199,0,48,0,0,0
2022-09-10,0b2d09f5-286b-4f83-aa87-5efa47e20d95,KKA Warrior,2022-09-09,Private,False,180,12,1,0,0,0,0,0,0,0,0,0,0
2022-09-10,0b6937ba-7279-4146-831c-f9caed3f469b,Klarifikasi Addendum EDW ASBI Tahap III,2022-05-10,Private,False,180,2,1,0,0,0,0,0,0,0,0,0,0
2022-09-10,0c7df324-cdb3-4671-a932-6bbfa1bc03e9,Divisi SPR - DPSP,2022-08-01,Private,False,180,6,1,0,0,0,0,0,0,0,0,0,0
2022-09-10,0c853146-bfc0-47d8-bd6c-9439e70cfc3f,KPwBI Provinsi Sulawesi Barat,2022-09-09,Private,False,180,31,11,3,0,0,1,1,0,0,0,0,0
2022-09-10,0dc53178-0cbf-4412-9db8-8fddb8024911,Amandemen PDG,2022-09-09,Private,False,180,4,1,0,0,0,0,0,0,0,0,0,0
2022-09-10,0e86d6f6-6f19-4682-ab4f-b55dd4babf51,PUSAKA-BI,2022-08-30,Private,False,180,9,5,0,0,0,0,0,0,0,0,0,0
2022-09-10,0f45e5ef-effc-4ccb-b0a6-82f6ae4aaec4,KPwBI Lhokseumawe,2022-09-09,Private,False,180,30,2,1,0,1,1,0,0,0,0,0,0
2022-09-10,0f6fef2b-5939-4620-87ec-185088db0b8f,KPwBI Provinsi D.I. Yogyakarta,2022-09-10,Private,False,180,41,13,145,49,0,103,41,0,2,0,0,0
2022-09-10,0fbd4764-4724-47aa-8596-3c6cd50b52f7,GAPD-Pimpinan,2022-08-24,Private,False,180,1,1,0,0,0,0,0,0,0,0,0,0
2022-09-10,115ef804-148e-4dd4-b8b8-75f473c76289,Kelompok 4: PUR dan Non SDM,2022-09-09,Private,False,180,8,3,34,0,0,10,18,0,0,0,0,0
2022-09-10,12292f9d-0f05-4820-a14f-ee8732ddcf8b,Korporasi,2022-09-09,Private,False,180,8,3,0,0,0,0,0,0,0,0,0,0
2022-09-10,13dd143b-b248-4127-a46e-167bf1363cdf,KPwBI Provinsi Lampung,2022-09-10,Private,False,180,61,21,189,2,43,68,116,0,51,1,0,0
2022-09-10,140f7409-5285-4995-ab5d-5c5ebb8819a7,BI Prestasi,2022-08-04,Private,False,180,7,2,0,0,0,0,0,0,0,0,0,0
2022-09-10,15c7dea7-53f7-47f2-9cb3-2e140c1e4003,Grup Pengembangan Kelembagaan,2022-06-13,Private,False,180,1,1,0,0,0,0,0,0,0,0,0,0
2022-09-10,166416a2-85ea-4841-983c-feae239a6116,Divisi PSMI,2022-09-09,Private,False,180,10,1,10,0,0,4,2,0,2,0,0,0
2022-09-10,17001c6a-d262-44d0-8631-7db76bb1c167,KPwBI Singapura,2022-09-09,Private,False,180,13,4,112,3,421,26,76,0,46,1,0,0
2022-09-10,170cf2db-db59-4203-b551-b41303d853f0,PTT All,2022-09-09,Private,False,180,22,5,0,0,0,0,0,0,0,0,0,0
2022-09-10,17f42b9e-ed1d-4b24-87b3-2b4d336bf60b,Metadata team Eksternal,2022-08-31,Private,False,180,2,1,0,0,0,0,0,0,0,1,0,0
2022-09-10,18799966-1a68-40c9-bb1a-97a0f9ee134b,Divisi Manajemen Kinerja,2022-08-23,Private,False,180,2,1,0,0,0,0,0,0,0,0,0,0
2022-09-10,188d979a-befd-4025-bb25-ede645ed2dcb,DBA,2022-01-18,Private,False,180,0,0,0,0,0,0,0,0,0,0,0,0
2022-09-10,18a1aa44-be59-4b4e-8800-70671de51244,Jasa Pemeliharaan PSI,2022-09-10,Private,False,180,7,3,0,0,0,0,0,0,0,0,0,0
2022-09-10,19d09576-58a5-4802-9072-5fea8764a230,DSTA-DANP,2022-08-12,Private,False,180,5,1,0,0,0,0,0,0,0,0,0,0
2022-09-10,1a039322-dda2-4291-a20e-ce930c1bcee2,DPSP One,2022-09-09,Private,False,180,98,8,0,0,1,0,0,0,0,1,0,0
2022-09-10,1af58ea8-e8f6-4fae-ac1e-024c0d522ff9,Spesialis Peneliti,2022-05-30,Private,False,180,1,1,0,0,0,0,0,0,0,0,0,0
2022-09-10,1b268768-77b2-4fbf-8855-a5271d52d3dd,KAI,2022-09-09,Private,False,180,9,3,5,0,25,1,4,0,0,0,0,0
2022-09-10,1b3ff9e0-1f74-4d11-ae1f-ecd516b0391d,Kepala Kantor Koordinator,2022-03-14,Private,False,180,0,0,0,0,0,0,0,0,0,0,0,0
2022-09-10,1ceb7a5d-d5d5-49e7-94d8-83314b1d334b,Grup Manajemen Strategis,2022-09-05,Private,False,180,10,1,0,0,0,0,0,0,0,0,0,0
2022-09-10,1dfc7e59-9791-4572-becb-343f148a42e2,SPESIALIS RISET PRBI - BINS,2022-08-16,Private,False,180,5,1,0,0,0,0,0,0,0,0,0,0
2022-09-10,1eff4c28-0926-4eed-b27b-c2c78ed49418,Asesmen Babes,,Private,False,180,0,0,0,0,0,0,0,0,0,0,0,0
2022-09-10,1f66f3a7-f228-493f-9173-41aa80077ac5,KPwBI Sibolga,2022-09-07,Private,False,180,6,1,0,0,0,0,0,0,0,0,0,0
2022-09-10,1fc51d56-bab6-42d4-b323-3e8ef8f53b8c,Team ISIRT-BI,2022-09-10,Private,False,180,10,1,0,1,0,0,0,0,0,0,0,0
2022-09-10,1fd75f7d-bde4-41ef-b174-42eabb0f2961,PP-MI LEVEL 1,2022-09-06,Private,False,180,11,1,0,0,0,0,0,0,0,0,0,0
2022-09-10,1fe8bbf9-8bd6-4763-b2b1-78f3c36412ff,DSta-DP2S,2022-09-09,Private,False,180,21,5,3,0,0,0,0,0,0,0,0,0
2022-09-10,2002bdc0-af76-4d55-9e6a-84caba949034,KPwBI Tegal,2022-09-09,Private,False,180,29,2,1,0,0,1,0,0,0,0,0,0
2022-09-10,2015b0e0-1768-4bda-840a-15931219aa14,,2022-02-23,,True,180,0,0,0,0,0,0,0,0,0,0,0,0
2022-09-10,2017fadc-ae5e-4dd7-bd97-5830e4c1c111,Tim Persetujuan High Risk,2022-09-08,Private,False,180,5,2,0,0,0,0,0,0,0,0,0,0
2022-09-10,229eb661-55f8-42cb-9162-a73d9cb27719,DEKS-KPSKIS,2022-08-12,Private,False,180,2,1,0,0,0,0,0,0,0,0,0,0
2022-09-10,233f2ba4-2aca-4c69-871c-f783f54182dd,DKMP,2022-09-10,Private,False,180,80,29,30,0,1,15,13,0,5,0,0,0
2022-09-10,2428c520-6f8e-41fb-b55c-8da5377ad78c,DInt,2022-09-09,Private,False,180,60,5,21,5,1,9,10,0,2,0,0,0
2022-09-10,256e9330-5f68-495a-8eeb-e2cbbeb430e2,Kelompok DKMP-GKMP-K2-Data,2022-08-29,Private,False,180,2,2,0,0,0,0,0,0,0,0,0,0
2022-09-10,26140b47-73d8-4c89-929f-af0f1b319e51,KPwBI Provinsi Jawa Tengah,2022-09-02,Private,False,180,17,7,0,0,0,0,0,0,0,0,0,0
2022-09-10,27425618-195a-44c4-8c5c-ec70c3cc94fb,Koordinasi,2022-09-08,Private,False,180,6,1,2,0,0,0,0,0,0,0,0,0
2022-09-10,280cb61b-f8c1-4c69-bd91-9da6bece0a5a,UKPS,2022-09-10,Private,False,180,29,6,30,0,0,20,4,0,4,0,0,0
2022-09-10,286faf73-d9b7-4291-9732-8e655cb15308,Divisi SDP,2022-09-09,Private,False,180,97,3,0,0,0,0,0,0,0,11,0,0
2022-09-10,2871168e-ac97-422f-b821-673217a52c96,Sarana Opkas,2022-04-17,Private,False,180,2,1,0,0,0,0,0,0,0,0,0,0
2022-09-10,291dc0ce-e46d-4fd7-8961-61a7260bab1a,DInt - KRKI,2022-09-09,Private,False,180,8,2,10,0,1,3,4,0,2,0,0,0
2022-09-10,29b49553-f165-4fa4-89f8-d2f555be1f08,KPUM,2022-09-09,Private,False,180,16,2,2,4,1,0,0,0,0,3,0,0
2022-09-10,2a8a588f-a5d4-408f-8b0f-f2ddcb3c7a53,Kompartemen ADG Bidang 5,2022-08-02,Private,False,180,3,1,0,0,0,0,0,0,0,0,0,0
2022-09-10,2b26ca94-ddf0-45be-a8a4-1f084b4c3faf,RRK-PMK,2022-09-09,Private,False,180,45,4,0,0,0,0,0,0,0,0,0,0
2022-09-10,2b469097-7a25-473c-9ac2-12fbac0bc981,AKSP,2022-09-09,Private,False,180,4,6,0,0,0,0,0,0,0,0,0,0
2022-09-10,2c07b477-14cd-4628-bac8-fd267cc074ee,KPK 1 Moneter dan Makroprudensial,2022-09-08,Private,False,180,5,1,0,0,0,0,0,0,0,0,0,0
2022-09-10,2c5f7df0-2d21-4940-9e5b-1ec93bb4e866,Divisi Legislasi,2022-09-08,Private,False,180,5,1,0,0,0,0,0,0,0,0,0,0
2022-09-10,2c724a28-2c5b-4fd4-be89-37a964487a71,SLA-PM-ICO DPM,2022-07-06,Private,False,180,2,3,0,0,0,0,0,0,0,0,0,0
2022-09-10,2d017fca-9aa4-4358-8622-925f63f24611,KPwBI Provinsi Kalimantan Timur,2022-09-09,Private,False,180,44,16,9,0,0,3,3,0,0,0,0,0
2022-09-10,2d28cfce-f6e6-4ac5-802e-ef534055f867,HRIS,2022-08-22,Private,False,180,7,2,0,0,0,0,0,0,0,0,0,0
2022-09-10,2db0ae58-bcb7-4323-aa38-c7ff89e50508,DKom,2022-09-08,Private,False,180,58,11,11,0,2,2,3,0,3,0,0,0
2022-09-10,2ef5003f-5673-44bf-915a-c0538b6e7cbd,Divisi PSBI & Hubungan Stakeholder,2022-07-28,Private,False,180,2,1,0,0,0,0,0,0,0,0,0,0
2022-09-10,2f5c32f2-1ef6-4c55-9863-0c79fee0aec2,Divisi OSI,2022-09-09,Private,False,180,75,18,16,1,0,5,8,0,14,0,0,0
2022-09-10,2fb81a12-ce87-4938-8e17-7732986f0ce6,KMA,2022-09-09,Private,False,180,6,2,560,0,0,212,1,0,0,0,0,0
2022-09-10,30add306-6c61-4437-8326-6b7517922068,KMKL (d/h DMK),2022-09-10,Private,False,180,9,7,22,0,0,5,15,0,1,0,0,0
2022-09-10,30f562c6-0f6a-48c8-b4d3-8f47b00ae6ae,BI PCPM24,2022-09-05,Private,False,180,39,1,0,0,0,0,0,0,0,0,0,0
2022-09-10,31c9d03c-ca7e-45bc-905e-5f7298bcb0f2,OSI - PSI,2022-09-05,Private,False,180,4,2,0,0,0,0,0,0,0,0,0,0
2022-09-10,326f0a7f-c16d-4f38-b83c-430f0f49888f,GSKE K1,2022-08-26,Private,False,180,4,1,0,0,0,0,0,0,0,0,0,0
2022-09-10,33f4ca90-ee0f-4298-a5f8-d1f6ef44a576,GSKE,2022-08-26,Private,False,180,6,1,0,0,0,0,0,0,0,0,0,0
2022-09-10,33fad1d7-2fe4-4338-a232-220e7b19db58,DPSI CA,2022-08-11,Private,False,180,1,5,0,0,0,0,0,0,0,0,0,0
2022-09-10,343f7427-9846-4f46-aadb-aa4a339a4040,Divisi Manajemen RDG,2022-09-08,Private,False,180,7,1,0,0,0,0,0,0,0,0,0,0
2022-09-10,34630d34-af16-4524-b7b7-94196d7ef052,UKTSI,2022-09-09,Private,False,180,38,4,18,0,0,8,9,0,7,0,0,0
2022-09-10,34705280-dbe4-4341-bc42-6014a7b293f2,dphmssk,2022-08-08,Private,False,180,4,1,0,0,0,0,0,0,0,0,0,0
2022-09-10,34d43985-4966-4c24-81e6-63cd95073cc2,SLA-DKMP,2022-06-08,Private,False,180,1,1,0,0,0,0,0,0,0,0,0,0
2022-09-10,3502c04e-e753-4cd1-a88b-92dbefb7afe4,BINS GPA KIKP,2022-07-25,Private,False,180,1,1,0,0,0,0,0,0,0,0,0,0
2022-09-10,359ce5ef-4324-4cd3-8862-500669fe1754,DPKMV,2022-09-09,Private,False,180,7,1,107,0,0,5,94,0,7,0,0,0
2022-09-10,3773e457-3b01-4433-aa18-c815b3e99110,TF BIMASAKTI,2022-09-08,Private,False,180,2,1,0,0,0,0,0,0,0,0,0,0
2022-09-10,38000497-c4e8-467d-86ea-f0962123a793,DKEM,2022-09-09,Private,False,180,26,3,0,0,0,0,0,0,0,0,0,0
2022-09-10,381e97ad-0b06-4080-b646-1c86a3bc43fe,Renstra SIBI,2022-08-25,Private,False,180,3,1,0,0,0,0,0,0,0,0,0,0
2022-09-10,382e303a-e219-4886-99df-2da9a9c71db6,Kepala Perwakilan BaliNusra,2022-03-14,Private,False,180,0,0,0,0,0,0,0,0,0,0,0,0
2022-09-10,3870f49e-16a5-4afe-b07a-ec62c769b2bf,EDMS/ECMS e-Correspondence,2022-08-29,Private,False,180,13,1,0,0,0,0,0,0,0,0,0,0
2022-09-10,390f0ae6-196f-489f-8b1f-5fdcccb9f5cb,UMI-DMR,2022-09-08,Private,False,180,6,1,8,0,0,4,4,0,1,0,0,0
2022-09-10,3b7fc31e-76bc-4235-8a19-3d2465903d61,KKI 2020,2022-09-09,Private,False,180,10,6,0,0,0,0,0,0,0,0,0,0
2022-09-10,3c3b344a-d217-48f4-ac6c-cd620170caa2,GSKE2,2022-08-12,Private,False,180,2,2,0,0,0,0,0,0,0,0,0,0
2022-09-10,3c7f8e95-616f-43cf-bb0b-5557266208a9,Task Force Cybersecurity BI (TFC),2022-09-06,Private,False,180,5,3,0,0,0,0,0,0,0,0,0,0
2022-09-10,3ce46fc0-524a-4dc2-8a96-8d933fffc578,PASI-HDTI,2022-08-03,Private,False,180,1,1,0,0,0,0,0,0,0,0,0,0
2022-09-10,3d70d40c-9976-4758-ac1b-4fe40531efd3,Shared Materi,2022-07-25,Private,False,180,1,1,0,0,0,0,0,0,0,0,0,0
2022-09-10,3de3f74d-16cf-4fd5-85bd-4b7a9d8e8c78,Divisi Persetujuan SP Ritel,2022-09-08,Private,False,180,7,2,0,0,0,0,0,0,0,0,0,0
2022-09-10,40bc2cbf-4962-49b9-a986-b19119e92833,SPNB,2022-09-09,Private,False,180,15,1,0,0,0,0,0,0,0,0,0,0
2022-09-10,40ca21e9-d90e-4f1a-be71-ee3e318d4e0a,DKSP - Kel. Instrumen & Infrastruktur SP Ritel,2022-09-08,Private,False,180,9,5,0,0,0,0,0,0,0,0,0,0
2022-09-10,42401d24-352f-4978-997c-40aaa5522b48,ULN PLLD,2022-09-06,Private,False,180,11,1,1,0,0,1,0,0,0,0,0,0
2022-09-10,427233a0-5775-49a1-81c0-bc2142c38885,DInt HI-1,2022-08-31,Private,False,180,6,1,0,0,0,0,0,0,0,0,0,0
2022-09-10,42b15545-740e-4c04-8269-1c86966d8f20,K3,2022-08-25,Private,False,180,2,1,0,0,0,0,0,0,0,0,0,0
2022-09-10,42d51f0b-ced3-48bb-bbbc-922feaa78691,Kelompok PMR & PDI,2022-09-09,Private,False,180,3,2,0,0,0,0,0,0,0,0,0,0
2022-09-10,4307268d-0409-4323-825f-a47ca5d75a46,Kelompok Asesmen & Pengembangan PU,2022-08-30,Private,False,180,6,4,6,0,0,4,2,0,1,0,0,0
2022-09-10,437e5294-9e0d-469d-80dc-be7ff532fb3d,DSDM,2022-09-10,Private,False,180,107,10,234,16,9,33,137,0,33,0,0,0
2022-09-10,4384c4dd-9d52-461e-b270-c7541149504b,Kelompok 7 - Fasilitasi & Konsultansi MR,2022-08-18,Private,False,180,5,1,0,0,0,0,0,0,0,0,0,0
2022-09-10,4397f2dd-a156-4bb0-852f-3ba87bd8d85d,KISP,2022-08-18,Private,True,180,3,1,0,0,0,0,0,0,0,0,0,0
2022-09-10,43b0bc75-0d3a-433c-a116-39f2b34b167c,DPSI SMILE,2022-09-09,Private,False,180,66,2,8,12,0,5,0,0,0,0,0,0
2022-09-10,4446abe6-1142-45fd-a869-51773d385b56,DPM - DAOM,2022-08-14,Private,False,180,1,1,0,0,0,0,0,0,0,0,0,0
2022-09-10,445c469d-fe29-43c5-b994-bcfe8c16031a,KRPS,2022-09-09,Private,False,180,7,1,5,0,0,0,2,0,0,0,0,0
2022-09-10,45f8abfd-413a-4b4b-9927-17c3d8072a5d,KPw BI New York,2022-05-09,Private,False,180,3,1,0,0,0,0,0,0,0,0,0,0
2022-09-10,467b4e39-909d-45f9-a4e3-ec29acd6c67b,DPD_KAFC,2022-09-09,Private,False,180,11,1,0,0,0,0,0,0,0,0,0,0
2022-09-10,47bac03a-8da7-42c5-bb20-990b03c49071,twin,,Private,False,180,0,0,0,0,0,0,0,0,0,0,0,0
2022-09-10,4831c6b5-3f41-4e3c-a4c8-b3cb43c3b22e,Divisi Kebijakan Logistik,2022-06-16,Private,False,180,3,1,0,0,0,0,0,0,0,0,0,0
2022-09-10,49419b11-e200-485a-b1f4-ebfa90dabf0d,Permintaan Dokumen dalam rangka LKTBI BPK,2022-03-23,Private,False,180,2,1,0,0,0,0,0,0,0,0,0,0
2022-09-10,49e99a2f-d065-4ebe-84ed-84db7ba2faba,DPSI-TKPSI,2022-07-07,Private,False,180,1,1,0,0,0,0,0,0,0,0,0,0
2022-09-10,4a1d4331-c9ff-4f3a-b6b1-c53789894e0d,KPwBI Provinsi DKI Jakarta,2022-09-10,Private,False,180,59,12,18,0,6,4,6,0,0,0,0,0
2022-09-10,4a61ace8-cd99-4c5d-a5d0-f4276a082af6,GKMP-K3-Int,2022-09-10,Private,False,180,7,19,0,0,0,0,0,0,0,0,0,0
2022-09-10,4a837eea-b1a2-4e32-a770-a189d5b8b0e2,VAPT SWIFT,2022-08-05,Private,False,180,1,1,0,0,0,0,0,0,0,0,0,0
2022-09-10,4bdc9705-5e6f-46a5-95af-7d8d0b1a4167,Divisi PIA-Market,2022-09-08,Private,False,180,14,5,6,0,0,3,0,0,0,2,0,0
2022-09-10,4d2e5084-8424-43e7-ab70-eb4da1b86531,KPw BI London,2022-08-05,Private,False,180,2,1,0,0,0,0,0,0,0,0,0,0
2022-09-10,4d8069f1-5219-4d17-885c-148685c7c377,Pengembangan Model,2022-08-29,Private,False,180,2,1,0,0,0,0,0,0,0,0,0,0
2022-09-10,4eb3d294-5270-4315-b756-717ae57832e0,Riset Inflasi,2022-08-15,Private,False,180,2,1,0,0,0,0,0,0,0,0,0,0
2022-09-10,4ef751cf-1b8a-4589-a3c2-9891d84f7617,KPwBI Provinsi Jawa Barat,2022-09-09,Private,False,180,37,3,3,0,0,2,1,0,0,0,0,0
2022-09-10,4ef9ef10-4f37-40cc-a288-17a0c162b65c,Operasional BIFAST,2022-09-10,Private,False,180,33,9,5,1,0,1,1,0,0,0,0,0
2022-09-10,4f0c1fb7-ee18-4518-9627-54123e27e159,Program Transformasi Digital BI,2022-05-24,Private,False,180,0,0,0,0,0,0,0,0,0,0,0,0
2022-09-10,4f22f2ab-3e22-4720-9089-65901ddf965d,KPMS,2022-09-06,Private,False,180,4,1,0,0,0,0,0,0,0,0,0,0
2022-09-10,4f3a9144-94e1-4c86-abc1-5a44e488dbb0,Pokjanas P2DD,2022-09-05,Private,False,180,9,2,0,0,0,0,0,0,0,0,0,0
2022-09-10,4f889400-566d-4e3b-ae35-6d22cdfc3275,KPwBI Provinsi Bengkulu,2022-09-06,Private,False,180,7,1,0,0,0,0,0,0,0,0,0,0
2022-09-10,500ade13-a16e-4ab6-aa3c-dfc50320440c,KPwBI Tokyo,2022-09-09,Private,False,180,4,1,0,0,0,0,0,0,0,0,0,0
2022-09-10,50a439f7-349b-457f-b660-b8cec46b28ad,KPwBI Provinsi Sumatera Utara,2022-09-09,Private,False,180,27,2,5,0,0,1,2,0,0,0,0,0
2022-09-10,50e5a960-5ab1-4b8c-a5ef-7e07a3a518c6,DKMP,2022-09-10,Private,False,180,129,19,63,1,12,28,29,0,5,0,0,0
2022-09-10,50e81394-4b2d-4232-8040-b10567f0cda0,Divisi PSI,2022-09-10,Private,False,180,34,16,28,2,0,19,5,0,28,0,0,0
2022-09-10,515929e1-2e20-4574-a490-344589d3a152,DPKL-PLBP,2022-09-09,Private,False,180,8,1,0,0,0,0,0,0,0,0,0,0
2022-09-10,5225e8b8-40b4-475e-b83d-79eacc8cf5db,KPwBI Provinsi Kalimantan Utara,2022-09-10,Private,False,180,33,11,0,0,0,0,0,0,0,0,0,0
2022-09-10,539388b8-9d9a-43a7-b0d0-0865e1495da9,Digimon DMST,2022-04-28,Private,False,180,1,1,0,0,0,0,0,0,0,0,0,0
2022-09-10,554bea19-aa4c-492a-a36b-a3410f9b8d97,DPU,2022-09-10,Private,False,180,171,21,119,2,1,58,39,0,0,0,0,0
2022-09-10,56df648d-f671-4cd0-bacf-6c6f7e3e4bc2,UMI DKEM,2022-09-10,Private,False,180,7,1,317,0,0,9,66,0,0,0,0,0
2022-09-10,57352638-d8c3-4202-b154-924115f151e4,PKMR,2022-09-09,Private,False,180,9,1,377,3,0,249,106,0,100,0,0,0
2022-09-10,57467aa9-1415-4772-8678-293a36b79512,DKEM-KPM,2022-09-07,Private,False,180,7,1,0,0,0,0,0,0,0,0,0,0
2022-09-10,57c9f728-9483-4031-85f0-d525124646c3,KPwBI Provinsi NTB,2022-09-06,Private,False,180,22,2,0,0,0,0,0,0,0,0,0,0
2022-09-10,5845dc57-bbc4-4356-b861-f3cbddef56ec,Divisi Perizinan PJSP,2022-09-09,Private,False,180,9,1,0,0,0,0,0,0,0,0,0,0
2022-09-10,586e4b68-7b86-4707-82db-626719c092c4,KPK,2022-09-09,Private,False,180,10,1,4,0,3,1,3,0,0,0,0,0
2022-09-10,591fe980-fb7b-4651-a83c-552c8e935fce,Ruang Diskusi Organisasi Kita,2022-09-10,Private,False,180,34,1,10,0,0,3,2,0,18,0,0,0
2022-09-10,5b8adb4b-bf8f-44bb-8b3e-384166cfc3ef,KPwBI Tasikmalaya,2022-09-10,Private,False,180,29,7,3,0,0,2,1,0,0,0,0,0
2022-09-10,5bb7d3a4-27a2-4ee4-bf61-028a60a42d90,Koordinasi Serah Terima PSI-PIA-SDP,2022-09-06,Private,False,180,9,1,0,0,0,0,0,0,0,3,0,0
2022-09-10,5c3ae4bf-2f79-46a2-b836-1b64fe436dd4,KPwBI Provinsi Sulawesi Tengah,2022-09-09,Private,False,180,23,2,0,0,0,0,0,0,0,0,0,0
2022-09-10,5c900d66-1509-4421-861e-e99a699a47b8,RRK,2022-08-30,Private,False,180,8,1,0,0,0,0,0,0,0,0,0,0
2022-09-10,5c9c00f4-cd0f-41fd-a6ea-291feebe1a44,Tim Kopeng,2022-07-20,Private,False,180,3,1,0,0,0,0,0,0,0,0,0,0
2022-09-10,5d3433a6-2d76-4a1c-8507-779344b28416,DKSP-APUPPT,2022-09-09,Private,False,180,3,1,0,0,0,0,0,0,0,0,0,0
2022-09-10,5dd03c99-d6da-477e-ae51-e2fa92a391f9,MKTBI,2022-08-12,Private,False,180,5,1,0,0,0,0,0,0,0,0,0,0
2022-09-10,5e2d3602-b3f0-4f3d-ba51-dc4edcdc8b61,DPS,2022-09-10,Private,False,180,127,28,4975,9,1,569,3999,0,2719,1,0,0
2022-09-10,5e9dbd08-24f7-41b8-871e-a7c443748419,DPK-SOK,2022-08-16,Private,False,180,2,1,0,0,0,0,0,0,0,0,0,0
2022-09-10,5ed01458-3f8b-4d5d-b19f-a6ed46032271,DPM - DAOM 2020,2022-09-09,Private,False,180,10,1,368,8,3,270,95,0,1,0,0,0
2022-09-10,5ef58f98-715c-4fef-b3e3-ce06e8ce6cfe,DQAD-DSta,2022-09-08,Private,False,180,10,4,0,0,0,0,0,0,0,0,0,0
2022-09-10,5f3081b4-0eed-425d-a9da-f3dcd9f379f7,DUPK,2022-09-10,Private,False,180,44,8,10,0,0,7,3,0,2,1,0,0
2022-09-10,607e66ec-f71c-4798-bfb8-f31a4e653658,DPPT,2022-09-10,Private,False,180,89,26,7,0,0,5,2,0,0,0,0,0
2022-09-10,60c179f9-ea71-45f2-8996-15eb33c2eb15,Tim Inflasi - Penyusunan Bahan State of Economy,2022-07-20,Private,False,180,2,1,0,0,0,0,0,0,0,0,0,0
2022-09-10,61091ecc-eed1-4a10-8f68-1838446105fe,Make Things Happen,2022-08-28,Private,False,180,3,3,0,0,0,0,0,0,0,0,0,0
2022-09-10,6179831f-c1b7-446a-befc-aa4e7d4c7b50,Transformasi Kelembagaan,2022-09-09,Private,False,180,13,5,5,0,0,2,3,0,2,0,0,0
2022-09-10,61f00128-7b60-4c8b-b7ad-68556de91d00,CA DHk 2022,2022-09-08,Public,False,180,26,1,0,0,0,0,0,0,0,0,0,0
2022-09-10,629578f8-819f-478e-a4cf-3c66050c4aad,KPwBI Jember,2022-09-09,Private,False,180,18,1,1,0,0,0,0,0,0,0,0,0
2022-09-10,62ca4fcd-9f01-4c6c-806d-9036e42a5317,KKHI,2022-08-21,Private,False,180,4,1,0,0,0,0,0,0,0,0,0,0
2022-09-10,62f04d85-5c71-4c0c-bac8-68c07886c721,Proyek BPPU 2020-2025,2022-09-05,Private,False,180,8,2,0,0,0,0,0,0,0,0,0,0
2022-09-10,635460b2-6fb9-4204-b22a-1fbf4141e644,KPwBI Balikpapan,2022-09-09,Private,False,180,38,8,46,0,20,20,11,0,0,0,0,0
2022-09-10,639e1ea8-7c32-429d-8593-20945d3e4f20,Integrasi Pelaporan,2022-07-26,Private,False,180,5,2,0,0,0,0,0,0,0,0,0,0
2022-09-10,64cf9b45-6b89-4670-bc83-23a819cb39fc,DKSP-DISP,2022-09-09,Private,False,180,8,9,1,0,0,1,0,0,0,0,0,0
2022-09-10,65dcb3f4-4f12-4f74-832f-ddc0500695c9,KPwBI Provinsi Kepulauan Bangka Belitung,2022-09-07,Private,False,180,27,9,1,0,1,0,1,0,1,0,0,0
2022-09-10,665f4fd4-bd0a-4307-b282-d8407c31388e,Divisi Perencanaan Strategis,2022-09-08,Private,False,180,5,1,0,0,0,0,0,0,0,0,0,0
2022-09-10,667176dc-10e7-417a-9745-bf9ebccbd2e4,Roadmap Pengembangan Framework Risiko BI,2022-09-09,Private,False,180,3,1,0,0,0,0,0,0,0,0,0,0
2022-09-10,67a9e9ac-6701-4b58-b0c7-c48f4fbde8b2,DMST Official,2022-09-09,Private,False,180,64,12,20,1,11,7,5,0,5,0,0,0
2022-09-10,67d2e51b-5dca-4dce-b4dd-c9c98db8c783,KPMS 1,2022-08-25,Private,False,180,2,1,0,0,0,0,0,0,0,0,0,0
2022-09-10,687fc6ba-5e30-4f40-82ff-e6f784a8f191,KPwBI Purwokerto,2022-09-10,Private,False,180,29,1,0,0,0,0,0,0,0,0,0,0
2022-09-10,6a2f2116-064c-4f64-92d3-b56ce29e5297,Kelompok Kebijakan Pengelolaan Keuangan,2022-09-09,Private,False,180,9,1,9,0,0,5,3,0,0,0,0,0
2022-09-10,6a86901c-f434-4ca6-936b-1ef0d59f48f7,DKSP,2022-09-10,Private,False,180,64,12,38,0,0,4,27,0,0,4,0,0
2022-09-10,6bacc22e-01e8-4aff-8fdd-4b3bfa14360c,KLKL,2022-09-08,Private,False,180,9,1,0,0,0,0,0,0,0,0,0,0
2022-09-10,6bb11571-3914-41a8-9d2b-8173643af8f2,KPwBI Provinsi Papua,2022-09-07,Private,False,180,26,3,0,0,0,0,0,0,0,0,0,0
2022-09-10,6c105375-3db5-4c55-b19d-868ff7b4e1ef,SESMABI4,2022-09-10,Private,False,180,50,1,0,0,0,0,0,0,0,0,0,0
2022-09-10,6de7e555-1fb4-4587-bbdf-6cf03fc45694,KPwBI Provinsi NTT,2022-09-10,Private,False,180,33,15,31,0,0,11,19,0,8,0,0,0
2022-09-10,6ee1d87a-3abf-4afa-beaa-fedb43fc4b9d,Koordinasi DKSP,2022-09-08,Private,False,180,7,1,0,0,0,0,0,0,0,0,0,0
2022-09-10,6f03098f-4f7f-4e18-805c-e8e25fd7d312,Divisi DPPD,2022-08-11,Private,False,180,1,1,0,0,0,0,0,0,0,0,0,0
2022-09-10,6f815a66-c9bd-4c97-877b-e106e0883700,BI Digital,2022-03-01,Private,False,180,0,0,0,0,0,0,0,0,0,0,0,0
2022-09-10,6fd47b6a-434d-4b8d-bab5-f966b520bc25,DMR In Sync,2022-09-10,Private,False,180,55,5,0,0,0,0,0,0,0,3,0,0
2022-09-10,704004ef-200d-43b3-b54f-d182c47538ba,BI Religi Hindu Buddha,2022-09-09,Private,False,180,6,2,0,0,0,0,0,0,0,0,0,0
2022-09-10,705752bd-6cd2-4131-ba02-72bda644f030,DAI-ULTIMATE,2022-09-09,Private,False,180,38,15,25,15,0,9,8,0,2,0,0,0
2022-09-10,70e26f34-c51e-4c1f-9e27-adf791bf77fe,DEKS-HVC,2022-01-13,Private,False,180,0,0,0,0,0,0,0,0,0,0,0,0
2022-09-10,717b6b1f-0d1b-4d37-965f-d9c215baee7c,Divisi AE,2022-09-09,Private,False,180,51,9,9,1,0,8,0,0,0,4,0,0
2022-09-10,7275df27-821a-4a0c-a117-5cb317870deb,Kepala Perwakilan SULAMPUA,2022-07-05,Private,False,180,2,1,0,0,0,0,0,0,0,0,0,0
2022-09-10,72cd92d0-e58d-4c25-94f0-e33f541de645,PTBI,2022-09-07,Private,False,180,6,3,0,0,0,0,0,0,0,0,0,0
2022-09-10,73a82222-62cf-4243-bee3-568542aab486,KEN-DKEM,2022-09-09,Private,False,180,12,1,742,37,0,91,249,0,0,0,0,0
2022-09-10,749c1b91-2a1d-46c5-bd59-b8f18239e36e,ALGM20,2022-07-29,Private,False,180,4,1,0,0,0,0,0,0,0,0,0,0
2022-09-10,759dde36-9b9b-440f-87c1-d551e89836d3,TFPD Kelembagaan,2022-09-09,Private,False,180,40,2,0,0,0,0,0,0,0,7,0,0
2022-09-10,75e22e34-fab3-444d-ab31-17bfd960812e,Asesmen & Kajian,2022-09-02,Private,False,180,8,7,0,0,0,0,0,0,0,4,0,0
2022-09-10,7636521d-ba05-491f-8c3e-544abe7c02e3,Pimpinan Divisi PTT,2022-08-22,Private,False,180,1,1,0,0,0,0,0,0,0,0,0,0
2022-09-10,76434539-85e9-4628-acde-11ce5a9173dc,GAPM,2022-09-09,Private,False,180,32,1,0,0,0,0,0,0,0,0,0,0
2022-09-10,76be475e-fe9d-4318-b8bf-7da10055071c,Kadep Bidang 2 & DGS,,Private,False,180,0,0,0,0,0,0,0,0,0,0,0,0
2022-09-10,76d049a8-e119-4bc4-a7d6-987cbc570ef4,Divisi SPK - DSDM,2022-08-11,Private,False,180,3,1,0,0,0,0,0,0,0,0,0,0
2022-09-10,77175332-4701-4e59-af1b-ac5d12014d25,UAT EDW Otomasi Lelang,2022-02-21,Private,False,180,0,0,0,0,0,0,0,0,0,0,0,0
2022-09-10,777cbdc4-7ea2-4f52-83a9-3eaf31dc0f18,Budaya Kerja Bank Indonesia,2022-09-10,Private,False,180,200,3,9,6,0,4,4,0,0,0,0,0
2022-09-10,78375298-f47f-40fd-8df9-19cc18a6454a,Peneliti - Math,2022-08-08,Private,False,180,1,1,0,0,0,0,0,0,0,0,0,0
2022-09-10,79231948-e755-4c9f-a2c4-cc99ed1e9059,DPBH 4.0,2022-09-08,Private,False,180,9,2,4,0,0,1,2,0,1,0,0,0
2022-09-10,793ad364-2721-460a-acba-22f14949961c,DPMP,2022-09-09,Private,False,180,8,5,19,0,1,10,9,0,0,0,0,0
2022-09-10,79a8be26-5c86-4a8c-813a-00a88b837dc5,Koordinator Arsip Bank Indonesia,2022-09-01,Private,False,180,8,5,0,0,0,0,0,0,0,0,0,0
2022-09-10,79dfebe9-246d-4071-8dfa-c7eee0147731,KOPASUS,2022-09-06,Private,False,180,3,1,0,0,0,0,0,0,0,0,0,0
2022-09-10,7a635d5f-86dc-4472-8c04-c4ae0345e28b,KPwBI Malang,2022-09-09,Private,False,180,33,3,1,0,0,0,1,0,0,0,0,0
2022-09-10,7aa39bba-a2de-44f9-bf23-88eac924f35a,K-5 MMTS,2022-08-31,Private,False,180,3,1,0,0,0,0,0,0,0,0,0,0
2022-09-10,7b41bf93-c3b1-44dc-bfd1-d81f17aa23dc,BI 4.0 Omni experience,2022-09-06,Private,False,180,14,10,0,0,0,0,0,0,0,0,0,0
2022-09-10,7b783a68-31cd-45cb-b775-a351cbb3bb3d,KPwBI Provinsi Kalimantan Tengah,2022-09-10,Private,False,180,32,6,0,0,0,0,0,0,0,0,0,0
2022-09-10,7caf3f84-cd8f-4713-91e2-b664cc03352f,Kelompok 13-DKeu,2022-09-09,Private,False,180,15,2,1,0,0,1,0,0,0,0,0,0
2022-09-10,7cb6e389-d543-4ce3-8e24-08334f44a394,DIVISI PKH,2022-09-02,Private,False,180,5,3,0,0,0,0,0,0,0,0,0,0
2022-09-10,7f54e845-773e-4c79-98ea-f2024ee6fd0b,PENGUATAN INFRA DAN APLIKASI KRITIKAL,2022-06-10,Private,False,180,4,2,0,0,0,0,0,0,0,0,0,0
2022-09-10,811dea95-a38b-405b-8132-4ff4900dc207,PMO GPSI,2022-09-06,Private,False,180,8,1,0,0,0,0,0,0,0,0,0,0
2022-09-10,824c63f9-e47b-45d5-9f5a-4ffc4d05bb5d,Pemeliharaan Aplikasi SP dan FMI,2022-09-08,Private,False,180,4,4,0,0,0,0,0,0,0,0,0,0
2022-09-10,8292543b-8f5e-48a6-9bd5-e9a3a11339b2,Progress Jadwal Audit,2022-09-06,Private,False,180,5,1,0,0,0,0,0,0,0,0,0,0
2022-09-10,84f1d2b5-ad58-4f50-8703-d5b643e60ff5,Simulasi Siber,2022-09-05,Private,False,180,5,3,0,0,0,0,0,0,0,0,0,0
2022-09-10,86548b93-2127-4ad9-afd8-d7508d5b8f60,KEM Makro - DKEM,2022-08-19,Private,False,180,4,1,0,0,0,0,0,0,0,0,0,0
2022-09-10,86965f3c-8314-4fb2-a16b-2f2023741011,DKEM KKR,2022-07-13,Private,False,180,2,1,0,0,0,0,0,0,0,0,0,0
2022-09-10,86f5d636-9ea6-445b-9c6b-59dce1190fca,Staf DInt,2022-07-19,Private,False,180,4,1,0,0,0,0,0,0,0,0,0,0
2022-09-10,873500c7-82da-4fff-b852-650a025ae326,DSSK,2022-09-09,Private,False,180,78,2,0,0,0,0,0,0,0,0,0,0
2022-09-10,87558427-9651-44e2-853d-620c121cf0aa,Digital Workplace,2022-09-09,Private,False,180,8,3,0,0,0,0,0,0,0,0,0,0
2022-09-10,8771a857-960a-4d66-8f5a-fd196b3054c1,Change Agent 2020,2022-09-08,Private,False,180,7,1,0,0,0,0,0,0,0,0,0,0
2022-09-10,87b591c5-a94e-449c-b241-9e04ec510c0a,Bank Indonesia,2022-09-10,Public,False,180,5221,15,187,31,5,66,88,0,53,39,0,0
2022-09-10,8b55d2f4-ac13-4ffe-a7c6-a984d2772272,FMI,2022-09-10,Private,False,180,8,1,0,0,0,0,0,0,0,0,0,0
2022-09-10,8e1a2be3-83a6-4e44-aee5-3c4a1175326b,Grup Koordinasi PK BI,2022-09-09,Private,False,180,89,1,10,0,0,4,6,0,4,1,0,0
2022-09-10,8e93ffbd-70f9-45ec-8c43-a8c32d297b2c,Patching Planning 2020,2021-10-18,Private,False,180,0,0,0,0,0,0,0,0,0,0,0,0
2022-09-10,8ebc33b0-6ac9-4a53-8286-28f1f778e0fb,KEKR Maniah,2022-08-31,Private,False,180,1,1,0,0,0,0,0,0,0,0,0,0
2022-09-10,8ee94e94-d9ec-4e9d-bfb7-11df09203466,Satoru,2022-08-28,Private,False,180,1,1,0,0,0,0,0,0,0,0,0,0
2022-09-10,8ef6ec31-af93-4f0f-a605-62440adc1b76,Divisi OSTP,2022-09-10,Private,False,180,18,1,0,0,0,0,0,0,0,0,0,0
2022-09-10,90b8bfa4-6a4c-408a-85b4-c98ec54ef73f,Draft PADG Laporan Bank Umum Terintegrasi,2022-09-08,Private,False,180,2,1,0,0,0,0,0,0,0,0,0,0
2022-09-10,90ff9aa4-0fbe-4ff9-8945-5f594a6b777c,DPAI Penelitian,2022-09-09,Private,False,180,3,1,0,0,0,0,0,0,0,0,0,0
2022-09-10,92520e87-906f-4a1c-85ac-18cecf0decfe,Liaison Office PDTT BPK-RI,2022-09-07,Private,False,180,4,1,0,0,0,0,0,0,0,0,0,0
2022-09-10,92cf1301-09b0-4337-aa17-c0a575f8080c,KPwBI Provinsi Papua Barat,2022-09-09,Private,False,180,23,1,0,0,0,0,0,0,0,0,0,0
2022-09-10,93797e0d-0ac2-44b8-9d9c-a205779780b4,Divisi P3R,2022-09-02,Private,False,180,4,1,0,0,0,0,0,0,0,0,0,0
2022-09-10,93949c62-9d01-4c8b-b8eb-7f11dbbb2633,KPwDN Self Governance (SGo),2022-09-07,Private,False,180,7,1,1,0,0,0,1,0,0,0,0,0
2022-09-10,9506edba-fb64-4790-a8d5-bd066755b1cc,DEKS-Review,2022-08-01,Private,False,180,2,1,0,0,0,0,0,0,0,0,0,0
2022-09-10,954bf472-4ddb-4342-87d5-cbc5a9efd49e,TIM PENULIS LPI 2019,2022-09-08,Private,False,180,7,1,0,0,0,0,0,0,0,0,0,0
2022-09-10,96497604-e5db-439e-aefc-febe51f66f62,MRDG'ers,2022-09-01,Private,False,180,10,3,22,0,5,11,6,0,0,0,0,0
2022-09-10,96c3421b-8721-4aeb-bb51-e659f52d2f90,KPwBI Provinsi Jambi,2022-09-09,Private,False,180,38,3,1,0,0,1,0,0,0,0,0,0
2022-09-10,9762b173-4800-4d4c-9e16-be73985963e4,DSTA,2022-09-10,Private,False,180,94,22,97,1,0,51,42,0,0,0,0,0
2022-09-10,99020a5f-78ea-4556-81b5-8a8a3b324f51,DEKS,2022-09-07,Private,False,180,21,11,10,0,0,10,0,0,1,0,0,0
2022-09-10,9a264789-d9c2-474e-b9a2-a36ba08be6c8,Kelompok Perencanaan Tahunan,2022-09-09,Private,False,180,12,1,65,0,1,3,41,0,1,0,0,0
2022-09-10,9af7391b-5a27-4c3f-8cfb-183de218895b,Divisi Pengelolaan Konstruksi,2022-09-07,Private,False,180,2,1,0,0,0,0,0,0,0,0,0,0
2022-09-10,9b1bacb3-8fb4-41d8-8bbe-5460681cb284,TPIK KPwBI Prov. Jambi,2022-09-04,Private,False,180,8,1,0,0,0,0,0,0,0,0,0,0
2022-09-10,9d473919-cb65-4562-bcc5-8fc7ee11f11c,BI Sulut JaGo,2022-09-09,Private,False,180,36,12,21,2,3,15,3,0,0,0,0,0
2022-09-10,9d5ac0b9-5128-4754-befc-598419c91f13,DPUGuardian,2022-09-08,Private,False,180,1,1,0,0,0,0,0,0,0,0,0,0
2022-09-10,9dbf1153-1c8a-4e52-aef6-8eb1b3f0e887,Case SOSA ERP,2022-06-29,Private,False,180,2,1,0,0,0,0,0,0,0,0,0,0
2022-09-10,9e6b6773-c949-4949-8184-217289ae0995,KPAK - DUPK,2022-09-09,Private,False,180,8,3,60,1,0,29,31,0,29,0,0,0
2022-09-10,9eb622b7-ebb5-4c8f-b6ca-a8781547d4b8,Liaison Officer BPK-RI,2022-09-10,Private,False,180,93,1,5,0,0,3,2,0,4,5,0,0
2022-09-10,9f1dc285-8741-4ecf-8f9b-21fe4b43da9e,DHI2-DInt,2022-03-23,Private,False,180,1,1,0,0,0,0,0,0,0,0,0,0
2022-09-10,9fdcd9e2-fd22-433f-9dfc-b0a7e46e61f9,DKEM KMK,2022-09-09,Private,False,180,10,1,0,0,0,0,0,0,0,0,0,0
2022-09-10,a18cf963-ee76-4f12-b95c-1b1451bce09a,Divisi PIA SSK,2022-09-08,Private,False,180,7,1,0,0,0,0,0,0,0,1,0,0
2022-09-10,a2668682-5445-4c9c-94d8-4043eeecb1ca,"DKOS MONETER, MARKET & SSK",2022-05-10,,True,180,2,1,0,0,0,0,0,0,0,0,0,0
2022-09-10,a40f7d10-ede4-4354-aff9-45ceff6a8e10,DPPK-KAPP,2022-09-08,Private,False,180,9,1,201,10,3,61,124,0,101,0,0,0
2022-09-10,a47650a9-3b0f-4366-a62f-2a89b9036c0d,ISO 15489 DPSI,,Private,False,180,0,0,0,0,0,0,0,0,0,0,0,0
2022-09-10,a4dc260f-71d4-4753-90b3-c0ef397b0a80,Divisi DPBD,2022-09-09,Private,False,180,12,1,1,1,0,1,0,0,0,0,0,0
2022-09-10,a5b15179-2099-4830-9438-c4aeb9d99589,KPwBI Provinsi Maluku Utara,2022-09-02,Private,False,180,17,2,4,0,0,3,1,0,0,0,0,0
2022-09-10,a5e40301-fcc8-4831-9a03-6ac5b8971c8f,KPwBI Cirebon,2022-06-29,Private,False,180,3,1,0,0,0,0,0,0,0,0,0,0
2022-09-10,a631bd8d-05db-49e7-90b7-cd72a25ec7eb,KPwBI Provinsi Sumatera Barat,2022-09-09,Private,False,180,41,8,9,2,1,3,2,0,0,0,0,0
2022-09-10,a645d8a6-d383-400d-b9e8-67d77e27c465,DPSI-Manajer Informasi,2022-09-10,Private,False,180,34,3,0,0,0,0,0,0,0,0,0,0
2022-09-10,a8fbab48-c578-4b30-8a6c-4eabc8a97769,Divisi PIA Moneter,2022-06-06,Private,False,180,3,6,0,0,0,0,0,0,0,0,0,0
2022-09-10,aa16e59e-2075-4c3e-8cfa-09494dbe21bc,Proyek SPI 2020-2025,2022-09-09,Private,False,180,51,6,0,0,0,0,0,0,0,3,0,0
2022-09-10,aa17294f-698e-4e60-a159-1c41a0c82784,Kenanga23,2022-03-08,Private,False,180,0,0,0,0,0,0,0,0,0,0,0,0
2022-09-10,aa4c53a0-ecca-4594-a41c-53c4b8189711,Divisi PIA SP,2022-09-09,Private,False,180,13,4,0,0,0,0,0,0,0,0,0,0
2022-09-10,abe27960-751a-4e1d-9e12-12867e87de5e,KPO Team's,2022-09-06,Private,False,180,6,1,0,0,0,0,0,0,0,0,0,0
2022-09-10,ac83398e-96eb-4372-8917-dde4dcccdba0,Delegasi / Pembicara BIS,2022-02-06,Private,False,180,0,0,0,0,0,0,0,0,0,0,0,0
2022-09-10,ac841051-be0f-4cd3-9ae4-3b1524680111,KPwBI Provinsi Jawa Timur,2022-09-10,Private,False,180,57,17,26,1,3,17,9,0,1,6,0,0
2022-09-10,ae56cb90-aaef-4fa0-b44a-1b63afd17ff1,DigiWork,2022-09-07,Private,False,180,6,1,0,0,0,0,0,0,0,0,0,0
2022-09-10,af984ceb-fe38-40dd-bd5f-5d5c133b0ade,Briefing Bahan RDG Internal GSKE,2022-09-08,Private,False,180,5,1,0,0,0,0,0,0,0,0,0,0
2022-09-10,b05dc105-a613-4178-9327-9c10f774d1cd,KPwBI Provinsi Bali,2022-09-09,Private,False,180,25,6,14,0,0,2,9,0,2,0,0,0
2022-09-10,b2038daf-dd2c-4c0e-8766-50ab656c5308,SLA DKSP,2022-03-30,Private,False,180,1,1,0,0,0,0,0,0,0,0,0,0
2022-09-10,b27bfe05-ba9b-444d-be74-01a095c531e3,Koordinasi Analytics TFPD - SDP - PIA-SP,2022-09-09,Private,False,180,5,1,151,8,1,7,122,0,7,0,0,0
2022-09-10,b27d7c66-c082-4e93-bf44-f9abf34f3ba9,KPwBI Provinsi Aceh,2022-09-06,Private,False,180,20,2,0,0,0,0,0,0,0,0,0,0
2022-09-10,b35e657b-3d1f-4c95-9933-9bacc510e43a,Onboarding UMKM,2022-03-01,Private,False,180,0,0,0,0,0,0,0,0,0,0,0,0
2022-09-10,b3ba1da4-a821-4da9-80c5-ff7cd977a8d2,Kelompok 2,2022-09-09,Private,False,180,6,2,0,0,0,0,0,0,0,0,0,0
2022-09-10,b4a4d84d-64d0-456e-adfb-1c79758c3890,KPwBI Provinsi Kalimantan Barat,2022-09-09,Private,False,180,40,6,3,0,3,2,1,0,0,0,0,0
2022-09-10,b6f77827-d292-47aa-ae18-5beacbd0599b,Kelompok Gedung,2022-09-08,Private,False,180,8,1,78,0,0,36,37,0,33,0,0,0
2022-09-10,b7821c34-dc65-4910-9b11-1b83f7a33ba2,KPwBI Provinsi Riau,2022-09-02,Private,False,180,22,3,0,0,0,0,0,0,0,0,0,0
2022-09-10,b893a4a2-3f4c-4354-ad87-d788f2aa4fae,KPw Cirebon,2022-08-16,Private,False,180,1,1,0,0,0,0,0,0,0,0,0,0
2022-09-10,b921089c-737a-442e-b3ac-cde40db94764,Divisi Tata Kelola Kelembagaan,2022-09-09,Private,False,180,8,2,0,0,1,0,0,0,0,0,0,0
2022-09-10,b9238489-41d9-4e10-916b-41169dab2943,GPSI Pimpinan,,Private,False,180,0,0,0,0,0,0,0,0,0,0,0,0
2022-09-10,b9248a96-e7d7-4a28-b44a-b7d75293e058,Divisi MPSI,2022-09-10,Private,False,180,11,17,0,0,0,0,0,0,0,0,0,0
2022-09-10,b93d432e-9571-4117-b5c0-a759e37c17ab,Teknis KSJ,2022-09-05,Private,False,180,2,1,0,0,0,0,0,0,0,0,0,0
2022-09-10,b9acd6f4-f46e-4f67-8aa6-b139d698e67c,KPwBI Provinsi Sulawesi Selatan,2022-09-05,Private,False,180,25,3,0,0,0,0,0,0,0,0,0,0
2022-09-10,baa372f7-bec5-4fe5-bfce-c8f4b67c4bc8,DHK-DPHSPPUR,2022-09-06,Private,False,180,6,1,0,0,0,0,0,0,0,0,0,0
2022-09-10,bb256af2-63bf-4fd3-9d63-768c5a27d01f,KPwBI Provinsi Gorontalo,2022-09-08,Private,False,180,28,1,4,1,0,2,2,0,1,0,0,0
2022-09-10,bb55b709-416e-4d23-868b-10bb36c4cfa2,DHK,2022-09-08,Private,False,180,54,2,8,0,0,5,3,0,0,0,0,0
2022-09-10,bc1c63d0-ea07-4804-89fe-33b7a13f0784,KFMI,2022-09-06,Private,False,180,5,1,0,0,0,0,0,0,0,0,0,0
2022-09-10,bd58c2a0-405b-4229-88af-21f1ab590514,Talent Bank Indonesia,2022-09-10,Public,False,180,362,8,32,1,0,23,7,0,0,0,0,0
2022-09-10,bf360928-2253-4948-9759-c86840422449,Learning Partner DPSI,2022-01-30,Private,False,180,0,0,0,0,0,0,0,0,0,0,0,0
2022-09-10,bf36c879-e31a-49fa-a9ea-f6fbeb2d0e2a,KPwBI Provinsi Kalimantan Selatan,2022-09-05,Private,False,180,36,9,21,0,0,2,2,0,1,0,0,0
2022-09-10,bf576197-3c48-4525-84fa-c15206be0ec9,Rekonsiliasi BAPP - DPSI,2022-09-09,Private,False,180,5,1,0,0,0,0,0,0,0,0,0,0
2022-09-10,c0685f1d-a294-43df-a585-50c99f3db784,Divisi PIA-MI,2022-09-09,Private,False,180,23,1,1,0,0,1,0,0,0,0,0,0
2022-09-10,c0eda8f9-fc41-471f-a767-d437f264a295,Divisi PKSI,2022-09-09,Private,False,180,24,9,0,0,0,0,0,0,0,0,0,0
2022-09-10,c10e88d6-bfd8-499f-b75e-7e69dc54eb66,Proyek CRM,,Private,False,180,0,0,0,0,0,0,0,0,0,0,0,0
2022-09-10,c13e1088-c345-4759-8f1d-9830b59175f4,DPSI,2022-09-09,Private,False,180,156,21,82,16,0,20,55,0,19,0,0,0
2022-09-10,c1f96d31-04e8-45c1-91a1-a7afce917e82,KPwBI Solo,2022-09-10,Private,False,180,41,1,200,135,2,55,106,0,3,0,0,0
2022-09-10,c2db072e-ee97-4986-9b00-ed9776d4fa87,Pimpinan GSR,2022-06-08,Private,False,180,1,1,0,0,0,0,0,0,0,0,0,0
2022-09-10,c3a770f3-4994-450a-bd8b-f07c710ddf1c,DSKP,2022-09-08,Private,False,180,8,3,0,0,0,0,0,0,0,0,0,0
2022-09-10,c66c97e4-b2f3-44ff-8a5d-5ef28d2355fb,Kepala Perwakilan Wilayah Kalimantan,2022-09-07,Private,False,180,4,1,0,0,0,0,0,0,0,0,0,0
2022-09-10,c6976847-5261-4896-b183-2568a0ee0e15,PCPM XXX,2022-04-15,Private,False,180,1,1,0,0,0,0,0,0,0,0,0,0
2022-09-10,c6c3a8f2-fbee-4fed-8632-2dd1007c6be8,KPKP_Jakarta,2022-09-09,Private,False,180,15,1,4,0,0,1,3,0,0,0,0,0
2022-09-10,c6c9bbf4-8666-4b65-8399-12cbde0f152e,"30BB, Macrofinancial, etc",2022-01-05,Private,False,180,0,0,0,0,0,0,0,0,0,0,0,0
2022-09-10,c766737e-2c5c-4352-ae21-1340d7477607,KPwBI Pematangsiantar,2022-09-06,Private,False,180,1,1,0,0,0,0,0,0,0,0,0,0
2022-09-10,c7fc037d-8d9a-4ecc-90cd-46046fa80c81,KPw Cirebon,2022-09-07,Private,False,180,6,1,0,0,0,0,0,0,0,0,0,0
2022-09-10,c8019729-28de-403b-9e20-44136fd462de,Tim Hore UKPS,2022-08-22,Private,False,180,5,1,6,0,0,0,6,0,7,0,0,0
2022-09-10,c8f89062-0f38-45fe-8112-d6cd1a992b5d,DKEM GSR,2022-09-10,Private,False,180,18,1,0,0,0,0,0,0,0,0,0,0
2022-09-10,ca4a22f8-aff5-4d18-8972-2d6fe577b3f7,Simulasi Siber,,Private,False,180,0,0,0,0,0,0,0,0,0,0,0,0
2022-09-10,cab7584e-cbbf-4e16-9fe1-1827c69a6f7c,SESPIBI 37,2022-09-08,Private,False,180,15,1,0,0,0,0,0,0,0,0,0,0
2022-09-10,cad04080-9a0b-4e35-8a3e-8f467555d526,TBC,2022-08-30,Private,False,180,2,1,0,0,0,0,0,0,0,0,0,0
2022-09-10,caf3c235-5171-4f95-9072-c3b5980d03aa,Fungsi AE-AT,2022-09-09,Private,False,180,14,8,9,0,2,5,4,0,0,0,0,0
2022-09-10,cb302dc3-971b-4bdc-b590-d21e5452a6d3,G3K3,2022-09-01,Private,False,180,9,2,0,0,0,0,0,0,0,0,0,0
2022-09-10,cb51219a-1b2c-451d-be59-bc76bd09c33d,Survei Kepuasaan Pengguna Aplikasi,2022-08-29,Private,False,180,4,6,8,0,0,2,5,0,17,0,0,0
2022-09-10,cc8edc08-ff8b-4ce2-aa72-c567ddc453a2,SDTI-BI,2022-02-18,Private,False,180,0,0,0,0,0,0,0,0,0,0,0,0
2022-09-10,ccad4e72-b14a-43d0-ac53-1240edabde08,SP1ders,2022-09-08,Private,False,180,9,1,0,0,0,0,0,0,0,0,0,0
2022-09-10,ccb57661-e84a-4774-9d73-5b239f7ccc7c,Central Repository CMMI,2022-09-08,Private,False,180,70,6,3,0,0,1,2,0,3,4,0,0
2022-09-10,cd367574-6b38-4393-a811-9f190cbdf3f7,KPwBI Kediri,2022-09-06,Private,False,180,29,1,3,0,0,0,0,0,0,0,0,0
2022-09-10,cd3a84e7-8970-4a12-bf2e-1fc3ed82468b,Staf & DGS,2022-07-18,Private,False,180,2,1,0,0,0,0,0,0,0,0,0,0
2022-09-10,cd5e7ca4-4fcc-4f34-9db1-490cd93c4111,DKEU,2022-09-10,Private,False,180,88,22,109,3,0,25,60,0,9,0,0,0
2022-09-10,cd776793-dcb5-407d-b887-dee36b3cd983,Bjm-KKAEK,2022-08-29,Private,False,180,4,1,0,0,0,0,0,0,0,0,0,0
2022-09-10,ce6c4975-1ca2-48a0-9727-b511fcd26ece,DPHPIH,2022-09-07,Private,False,180,8,1,0,0,0,0,0,0,0,0,0,0
2022-09-10,ce738db4-27b0-4815-801c-0a0f646a23c5,Divisi PITI,2022-09-10,Private,False,180,17,3,3,1,1,1,1,0,3,0,0,0
2022-09-10,cf246ef2-47c5-4b43-8c90-eafe1dc6ee0b,DPPK-KIP,2022-08-30,Private,False,180,4,1,0,0,0,0,0,0,0,0,0,0
2022-09-10,d06129e3-5eed-44ff-9e49-bf32d60502c9,GPSI Pimpinan,,Private,False,180,0,0,0,0,0,0,0,0,0,0,0,0
2022-09-10,d0a5ade1-cb10-4dce-ba78-d0b0633efa3d,Divisi PASI,2022-09-01,Private,False,180,1,1,0,0,0,0,0,0,0,0,0,0
2022-09-10,d0e08540-6a0a-49a9-b345-19bbc563f040,Demo Teams,2022-09-05,Public,False,180,6,5,7,0,0,5,2,0,0,0,0,0
2022-09-10,d17d33d1-e6da-4afa-9dad-fbb3cc3d39f0,GSR-KSJ,2022-09-09,Private,False,180,6,2,997,3,0,186,713,0,40,0,0,0
2022-09-10,d23faf48-7e88-47c2-9c13-c1c408ed35fd,Pimpinan DPPT,2022-07-29,Private,False,180,1,1,0,0,0,0,0,0,0,0,0,0
2022-09-10,d27380d3-ac86-4458-9c6c-74e6402b2940,Konfirmasi Dokumen T.1.4,2021-12-01,Private,False,180,0,0,0,0,0,0,0,0,0,0,0,0
2022-09-10,d36c9ad6-4718-475c-bc63-79a7e3aa8b1a,KOORDINASI DOKUMEN DMR,2022-07-19,Private,False,180,4,1,0,0,0,0,0,0,0,0,0,0
2022-09-10,d4febb42-8304-422a-b773-a8a7c64c4b73,External Group Chat Access,,Private,False,180,0,0,0,0,0,0,0,0,0,0,0,0
2022-09-10,d59564ad-54f6-4dfe-ab08-7c90953a92f8,DKEM KSR,2022-09-10,Private,False,180,8,1,775,0,0,396,26,0,0,0,0,0
2022-09-10,d67a6400-8bf4-43e3-8f27-f880294ca6b9,Helpdesk,2022-09-07,Private,False,180,4,4,0,0,0,0,0,0,0,0,0,0
2022-09-10,d7c6ca4e-b543-42d2-8d8e-f3a74d356d63,SAKTI MKTBI,2022-09-08,Private,False,180,4,2,0,0,0,0,0,0,0,1,0,0
2022-09-10,d816742e-71b1-4397-8b62-0c94a880a13c,DPHMPK,2022-08-24,Private,False,180,6,1,0,0,0,0,0,0,0,0,0,0
2022-09-10,d84e7fcd-d434-4e1c-b53c-64898bbc99ea,DAI-Training,2022-08-18,Private,False,180,6,3,0,0,0,0,0,0,0,0,0,0
2022-09-10,d8a0d950-34d4-43ac-a03a-42c2367fabf4,BSPI 2025,2022-09-08,Private,False,180,43,3,0,0,0,0,0,0,0,0,0,0
2022-09-10,da1e57ea-85da-473f-809c-2d8b3f78c23e,Tim 1 HPS,2022-08-30,Private,False,180,6,2,1,0,0,1,0,0,0,0,0,0
2022-09-10,dadfa505-ec84-4875-bcd8-7b66ebfcc5d9,DPPK,2022-09-09,Private,False,180,43,2,0,0,0,0,0,0,0,0,0,0
2022-09-10,db3962af-d9c3-4747-a98f-3dd6e87b0d9f,Kepala Perwakilan Wilayah Sumatera,2022-09-06,Private,False,180,5,1,0,0,0,0,0,0,0,0,0,0
2022-09-10,ddaf11bf-2cda-4fe7-99a2-68f9452f2981,BINS,2022-09-10,Private,False,180,7,3,0,0,0,0,0,0,0,0,0,0
2022-09-10,df472e0d-486b-49a3-8572-2e65c80f29c6,KPwBI Provinsi Sumatera Selatan,2022-09-06,Private,False,180,9,2,0,0,0,0,0,0,0,0,0,0
2022-09-10,e00e6f3a-7929-4ba3-ba65-917e415b4763,DKEM KKP,2022-09-09,Private,False,180,9,1,727,3,0,73,388,0,1,0,0,0
2022-09-10,e0de1e50-c908-4e5a-8edd-0fc996b6b855,SDMX,,Private,False,180,0,0,0,0,0,0,0,0,0,0,0,0
2022-09-10,e27949ec-e83b-4520-a34f-c9bde17f4a67,DInt-DHI,2022-09-09,Private,False,180,7,1,1,0,0,1,0,0,0,0,0,0
2022-09-10,e2ac10e9-04cf-41b7-b75e-e7bfbf19ef4f,DPSI PIMPINAN,2022-08-16,Private,False,180,9,1,0,0,0,0,0,0,0,0,0,0
2022-09-10,e2c2f6c6-569b-45a9-b8b5-cc3e590e1308,Juknis PIA MI,2022-08-02,Private,False,180,1,1,0,0,0,0,0,0,0,0,0,0
2022-09-10,e46b4b6f-e40d-443d-b2cb-63b6c7d2292e,SLA,2022-09-08,Private,False,180,9,1,0,0,0,0,0,0,0,0,0,0
2022-09-10,e4f2a293-a707-49be-81ab-651de93c7960,JPKI,2022-08-02,Private,False,180,5,1,0,0,0,0,0,0,0,0,0,0
2022-09-10,e55965d4-ac7e-4765-97b7-0cf52d88825b,Timtur DPM,2022-09-09,Private,False,180,12,2,5,0,23,1,1,0,0,0,0,0
2022-09-10,e5d2ca13-7f04-46b6-870c-7931fd785e3b,DAI-Pre CBS-2020,2022-04-14,Private,False,180,1,1,0,0,0,0,0,0,0,0,0,0
2022-09-10,e63148ff-bf5f-409e-8c1c-87bcd802d334,DMR-GMRE-MRPD,2022-09-09,Private,False,180,10,15,1169,157,0,147,949,0,779,0,0,0
2022-09-10,e63c440f-5652-4931-b482-4102bc59b849,PADG Manajemen Karier,2022-08-18,Private,False,180,1,1,0,0,0,0,0,0,0,0,0,0
2022-09-10,e8d43e7d-92a4-4f0e-a251-9e4a50fc3762,Dinia-Evy-Linda,2022-04-11,Private,False,180,1,1,0,0,0,0,0,0,0,0,0,0
2022-09-10,e9301263-b0c7-4fa4-b54d-a4bcdfd4f6e5,Kepala Perwakilan Wilayah Jawa,2022-09-08,Private,False,180,2,1,0,0,0,0,0,0,0,0,0,0
2022-09-10,e9681ba4-0868-4d55-af00-972ae0c67103,DPKL,2022-09-09,Private,False,180,139,15,2,0,2,0,0,0,0,0,0,0
2022-09-10,e9a00234-5780-4261-a24e-f2b3482cc4b3,KKPS,2022-09-01,Private,False,180,6,3,193,0,0,17,140,0,25,0,0,0
2022-09-10,e9e69a37-0bcf-4d88-bb6c-78104a0708f6,DSMF,2022-09-09,Private,False,180,11,7,1334,3,0,8,367,0,4,0,0,0
2022-09-10,ea92075d-5221-429c-b05a-eb8fba33b300,DSNP,2022-09-10,Private,False,180,20,6,8,0,0,3,2,0,0,0,0,0
2022-09-10,ecb2ebb1-7380-48dc-9276-1706c72ad1ec,PIMPINAN DPM,,Private,False,180,0,0,0,0,0,0,0,0,0,0,0,0
2022-09-10,ed554893-08f1-498b-9a06-621e6c96516c,Teknis KSJ,2022-04-17,Private,False,180,1,1,0,0,0,0,0,0,0,0,0,0
2022-09-10,eded96b8-d2e5-4390-a795-d57694a13cd0,KPwBI Provinsi Kepulauan Riau,2022-09-09,Private,False,180,41,15,2,0,1,1,1,0,3,0,0,0
2022-09-10,ee33aa44-a140-4ed3-af56-212ea60138f4,DPLF - Departemen Pengelolaan Logistik dan Fasilitas,2022-09-10,Private,False,180,89,19,9,3,1,5,0,0,2,0,0,0
2022-09-10,ee5464b7-8579-48f3-949e-fab700106060,SESTABI KOMPAK SEHAT LULUS BERSAMA,2022-08-22,Private,False,180,10,1,0,0,0,0,0,0,0,0,0,0
2022-09-10,f16cb109-5764-4a81-9d56-e80df3c16ff8,Tim APE Kalimantan Tengah,2022-09-05,Private,False,180,11,1,0,0,0,0,0,0,0,0,0,0
2022-09-10,f1a00279-0a52-4d0a-ad20-d50b1430a696,SPK - YKKBI,2022-07-28,Private,False,180,2,1,0,0,0,0,0,0,0,0,0,0
2022-09-10,f297b165-6dec-4004-a9af-cbfdeafd1477,KEM-Inflasi,2022-09-10,Private,False,180,9,1,628,0,0,107,484,0,0,1,0,0
2022-09-10,f29cfb4d-2997-44cc-9a4e-bf584f40f4c0,KPwBI Provinsi Banten,2022-07-21,Private,False,180,8,1,0,0,0,0,0,0,0,0,0,0
2022-09-10,f2a5d65c-4a40-4fb6-a011-1ea3f4d46432,Divisi Hubungan Internasional 3,2022-07-28,Private,False,180,5,1,0,0,0,0,0,0,0,0,0,0
2022-09-10,f344e1ef-2d6b-422c-af79-eed31470af16,DPD,2022-09-09,Private,False,180,92,2,4,1,0,1,1,0,0,0,0,0
2022-09-10,f4397d85-cbb5-4ea5-803e-2a1ed42f6d07,Pimpinan DR,2022-09-07,Private,False,180,9,1,0,0,0,0,0,0,0,0,0,0
2022-09-10,f4469100-f5d3-4aa6-a867-f367d7e6316d,Divisi MRPM,2022-08-18,Private,False,180,3,1,0,0,0,0,0,0,0,0,0,0
2022-09-10,f46b0a0e-f7a4-42e6-b75c-fd19c865f443,DPBH 4.0,2022-08-19,Private,False,180,2,1,0,0,0,0,0,0,0,0,0,0
2022-09-10,f6c36afc-d255-4a61-a94e-6dc4e9cc66d1,GOTr,2022-08-22,Private,False,180,4,1,0,0,0,0,0,0,0,0,0,0
2022-09-10,f6cd4197-198a-42f9-be7c-12a3a1ecf341,Siaran Pers,2022-07-20,Private,False,180,2,1,0,0,0,0,0,0,0,0,0,0
2022-09-10,f7b15a32-bd09-48f6-b3c9-a3948058b01a,"Koord. OSI (Shelter, COVID-19)",2022-07-06,Private,False,180,4,1,0,0,0,0,0,0,0,0,0,0
2022-09-10,f9806469-13fd-4d2e-8967-a4d51a72f5b8,DPM,2022-09-09,Private,False,180,47,2,259,0,0,97,159,0,105,0,0,0
2022-09-10,fa7ce1b9-b79e-4737-9741-b1fa81bec672,DHE,2022-09-09,Private,False,180,53,5,0,0,0,0,0,0,0,0,0,0
2022-09-10,fbbed6a5-2500-4c5c-9709-3c45c3b03f44,BICOBS-DPSI,2022-09-08,Private,False,180,36,1,192,5,0,138,36,0,117,0,0,0
2022-09-10,fbe6399a-d02d-44fb-a695-7c262a611c67,Cyber Attack Analysis Team,,Private,False,180,0,0,0,0,0,0,0,0,0,0,0,0
2022-09-10,fc83d5b5-483d-44cd-b0a7-8d2a9cc207bb,Tim PM DPSI,2022-06-07,Private,False,180,2,1,0,0,0,0,0,0,0,0,0,0
2022-09-10,fcd8b0db-5b2b-42a5-b546-6a9b0032d5ce,DReamers,2022-09-09,Public,False,180,36,5,0,0,0,0,0,0,0,0,0,0
2022-09-10,fd698c3d-f90c-432b-b152-a0d64a20ace5,Divisi MPK,2022-09-09,Private,False,180,16,1,483,79,1,57,292,0,157,0,0,0
