Id, DisplayName, Privacy, ActiveUsers, ActiveChannels, Guests, ReplyMessages, PostMessages, MeetingsOrganized, UrgentMessages, Reactions, Mentions, ChannelMessages, LastActivity (UTC Time)
f5d312a8-d650-48eb-9288-343104fbaf1e,"--",Public,1,1,0,0,0,0,0,0,0,0,"2022-05-18T10:13:04Z"
7b3ada5e-d9f2-48bf-8649-b1e9d1b87f4b,"--",Public,1,1,0,0,0,0,0,0,0,0,"2022-05-14T02:30:44Z"
30f562c6-0f6a-48c8-b4d3-8f47b00ae6ae,"BI PCPM24",Private,33,1,0,0,0,0,0,0,0,0,"2022-06-21T15:00:54Z"
140f7409-5285-4995-ab5d-5c5ebb8819a7,"BI Prestasi",Private,4,2,0,0,0,0,0,0,0,0,"2022-06-09T00:59:43Z"
704004ef-200d-43b3-b54f-d182c47538ba,"BI Religi Hindu Buddha",Private,4,1,0,0,0,0,0,0,0,0,"2022-06-14T12:50:02Z"
9d473919-cb65-4562-bcc5-8fc7ee11f11c,"BI Sulut JaGo",Private,33,11,0,1,2,3,0,1,0,6,"2022-06-21T13:46:02Z"
ddaf11bf-2cda-4fe7-99a2-68f9452f2981,"BINS",Private,5,3,0,0,0,0,0,0,0,0,"2022-06-20T09:56:47Z"
9506edba-fb64-4790-a8d5-bd066755b1cc,"DEKS-Review",Private,1,1,0,0,0,0,0,0,0,0,"2022-06-06T05:53:58Z"
baa372f7-bec5-4fe5-bfce-c8f4b67c4bc8,"DHK-DPHSPPUR",Private,5,1,0,0,0,0,0,0,0,0,"2022-06-21T07:01:17Z"
e8d43e7d-92a4-4f0e-a251-9e4a50fc3762,"Dinia-Evy-Linda",Private,1,1,0,0,0,0,0,0,0,0,"2022-04-11T07:07:15Z"
2428c520-6f8e-41fb-b55c-8da5377ad78c,"DInt",Private,54,4,0,10,6,1,0,4,2,16,"2022-06-21T09:18:27Z"
717b6b1f-0d1b-4d37-965f-d9c215baee7c,"Divisi AE",Private,47,9,4,0,2,0,0,0,0,2,"2022-06-21T23:52:32Z"
343f7427-9846-4f46-aadb-aa4a339a4040,"Divisi Manajemen RDG",Private,7,1,0,0,0,0,0,0,0,0,"2022-06-21T10:13:06Z"
fd698c3d-f90c-432b-b152-a0d64a20ace5,"Divisi MPK",Private,16,1,0,172,31,0,0,22,84,208,"2022-06-21T23:55:42Z"
93797e0d-0ac2-44b8-9d9c-a205779780b4,"Divisi P3R",Private,4,1,0,0,0,0,0,0,0,0,"2022-06-08T02:49:04Z"
50e81394-4b2d-4232-8040-b10567f0cda0,"Divisi PSI",Private,30,16,0,5,15,0,0,1,28,25,"2022-06-21T14:24:26Z"
166416a2-85ea-4841-983c-feae239a6116,"Divisi PSMI",Private,8,1,0,0,0,0,0,0,0,0,"2022-06-21T09:35:00Z"
76d049a8-e119-4bc4-a7d6-987cbc570ef4,"Divisi SPK - DSDM",Private,2,1,0,0,0,0,0,0,0,0,"2022-06-08T07:57:00Z"
0c7df324-cdb3-4671-a932-6bbfa1bc03e9,"Divisi SPR - DPSP",Private,4,1,0,0,0,0,0,0,0,0,"2022-06-14T02:25:06Z"
38000497-c4e8-467d-86ea-f0962123a793,"DKEM",Private,20,3,0,0,0,0,0,0,0,0,"2022-06-17T05:40:53Z"
c8f89062-0f38-45fe-8112-d6cd1a992b5d,"DKEM GSR",Private,19,1,0,0,0,0,0,0,0,0,"2022-06-21T02:14:59Z"
86965f3c-8314-4fb2-a16b-2f2023741011,"DKEM KKR",Private,2,1,0,0,0,0,0,0,0,0,"2022-06-06T01:31:42Z"
cd5e7ca4-4fcc-4f34-9db1-490cd93c4111,"DKEU",Private,62,14,0,18,7,0,0,0,8,28,"2022-06-21T23:39:15Z"
50e5a960-5ab1-4b8c-a5ef-7e07a3a518c6,"DKMP",Private,112,12,0,5,12,5,0,1,2,17,"2022-06-21T23:22:37Z"
64cf9b45-6b89-4670-bc83-23a819cb39fc,"DKSP-DISP",Private,8,9,0,0,1,0,0,0,0,1,"2022-06-21T13:54:24Z"
6fd47b6a-434d-4b8d-bab5-f966b520bc25,"DMR In Sync",Private,51,5,4,0,0,0,0,0,0,0,"2022-06-21T11:47:52Z"
e63148ff-bf5f-409e-8c1c-87bcd802d334,"DMR-GMRE-MRPD",Private,9,13,0,304,44,0,0,60,337,366,"2022-06-21T11:52:54Z"
f344e1ef-2d6b-422c-af79-eed31470af16,"DPD",Private,89,2,0,1,1,0,0,1,0,4,"2022-06-21T23:49:59Z"
515929e1-2e20-4574-a490-344589d3a152,"DPKL-PLBP",Private,8,1,0,0,0,0,0,0,0,0,"2022-06-15T02:39:48Z"
ee33aa44-a140-4ed3-af56-212ea60138f4,"DPLF - Departemen Pengelolaan Logistik dan Fasilitas",Private,72,18,0,0,1,1,0,2,0,2,"2022-06-21T06:48:42Z"
f9806469-13fd-4d2e-8967-a4d51a72f5b8,"DPM",Private,40,2,0,78,52,0,0,0,39,130,"2022-06-21T10:31:14Z"
5ed01458-3f8b-4d5d-b19f-a6ed46032271,"DPM - DAOM 2020",Private,10,1,0,43,121,1,0,3,1,166,"2022-06-21T23:37:24Z"
dadfa505-ec84-4875-bcd8-7b66ebfcc5d9,"DPPK",Private,38,1,0,0,0,0,0,0,0,0,"2022-06-21T10:55:29Z"
a40f7d10-ede4-4354-aff9-45ceff6a8e10,"DPPK-KAPP",Private,8,1,0,78,26,1,0,5,56,109,"2022-06-21T15:09:29Z"
01219490-4a7d-466c-beba-c9900ea55078,"DPSI#BI-Prestasi",Private,2,1,0,0,0,0,0,0,0,0,"2022-06-17T03:54:33Z"
a645d8a6-d383-400d-b9e8-67d77e27c465,"DPSI-Manajer Informasi",Private,24,3,0,0,0,0,0,0,0,0,"2022-06-18T06:29:10Z"
5ef58f98-715c-4fef-b3e3-ce06e8ce6cfe,"DQAD-DSta",Private,6,3,0,0,0,0,0,0,0,0,"2022-06-21T15:19:04Z"
fcd8b0db-5b2b-42a5-b546-6a9b0032d5ce,"DReamers",Public,33,5,0,0,0,0,0,0,0,0,"2022-06-21T16:06:14Z"
437e5294-9e0d-469d-80dc-be7ff532fb3d,"DSDM",Private,91,8,0,104,18,3,0,8,8,129,"2022-06-21T18:08:40Z"
19d09576-58a5-4802-9072-5fea8764a230,"DSTA-DANP",Private,2,1,0,0,0,0,0,0,0,0,"2022-06-10T12:47:18Z"
1fe8bbf9-8bd6-4763-b2b1-78f3c36412ff,"DSta-DP2S",Private,22,5,0,0,0,0,0,0,0,0,"2022-06-21T14:01:14Z"
5f3081b4-0eed-425d-a9da-f3dcd9f379f7,"DUPK",Private,36,7,2,1,3,0,0,0,2,4,"2022-06-21T05:58:48Z"
3870f49e-16a5-4afe-b07a-ec62c769b2bf,"EDMS/ECMS e-Correspondence",Private,9,1,0,0,0,0,0,0,0,0,"2022-06-21T23:46:46Z"
cb302dc3-971b-4bdc-b590-d21e5452a6d3,"G3K3",Private,5,2,0,0,0,0,0,0,0,0,"2022-06-15T15:43:07Z"
f6c36afc-d255-4a61-a94e-6dc4e9cc66d1,"GOTr",Private,1,1,0,0,0,0,0,0,0,0,"2022-03-29T08:40:06Z"
d67a6400-8bf4-43e3-8f27-f880294ca6b9,"Grup Helpdesk TI",Private,1,1,0,0,0,0,0,0,0,0,"2022-06-09T00:58:44Z"
1ceb7a5d-d5d5-49e7-94d8-83314b1d334b,"Grup Manajemen Strategis",Private,7,1,0,0,0,0,0,0,0,0,"2022-06-08T09:40:54Z"
8e1a2be3-83a6-4e44-aee5-3c4a1175326b,"Grup PK",Private,2,1,0,0,0,0,0,0,0,0,"2022-06-11T11:55:55Z"
326f0a7f-c16d-4f38-b83c-430f0f49888f,"GSKE K1",Private,3,1,0,0,0,0,0,0,0,0,"2022-06-21T13:42:19Z"
3c3b344a-d217-48f4-ac6c-cd620170caa2,"GSKE2",Private,2,1,0,0,0,0,0,0,0,0,"2022-06-03T07:00:20Z"
d17d33d1-e6da-4afa-9dad-fbb3cc3d39f0,"GSR-KSJ",Private,5,1,0,181,60,0,0,1,4,242,"2022-06-21T16:32:57Z"
00448f49-03f4-4a2d-92b1-e259dec84e7e,"ITSP Team",Private,7,1,1,0,0,0,0,0,0,0,"2022-06-21T12:53:54Z"
18a1aa44-be59-4b4e-8800-70671de51244,"Jasa Pemeliharaan PSI",Private,8,3,0,0,0,0,0,0,0,0,"2022-06-21T07:09:19Z"
e4f2a293-a707-49be-81ab-651de93c7960,"JPKI",Private,3,1,0,0,0,0,0,0,0,0,"2022-06-07T14:35:44Z"
7aa39bba-a2de-44f9-bf23-88eac924f35a,"K-5 MMTS",Private,1,1,0,0,0,0,0,0,0,0,"2022-06-21T15:12:44Z"
7caf3f84-cd8f-4713-91e2-b664cc03352f,"Kelompok 13-DKeu",Private,13,2,0,0,0,0,0,0,0,0,"2022-06-21T08:11:37Z"
b6f77827-d292-47aa-ae18-5beacbd0599b,"Kelompok Gedung",Private,8,1,0,17,18,0,0,0,15,37,"2022-06-21T08:37:20Z"
9a264789-d9c2-474e-b9a2-a36ba08be6c8,"Kelompok Perencanaan Tahunan",Private,11,1,0,18,2,0,0,0,0,20,"2022-06-21T19:22:48Z"
bc1c63d0-ea07-4804-89fe-33b7a13f0784,"KFMI",Private,3,1,0,0,0,0,0,0,0,0,"2022-06-05T09:04:15Z"
e9a00234-5780-4261-a24e-f2b3482cc4b3,"KKPS",Private,6,3,0,148,17,0,0,0,33,193,"2022-06-20T11:10:42Z"
6bacc22e-01e8-4aff-8fdd-4b3bfa14360c,"KLKL",Private,9,1,0,0,0,0,0,0,0,0,"2022-06-19T13:17:56Z"
f7b15a32-bd09-48f6-b3c9-a3948058b01a,"Koord. OSI (Shelter, COVID-19)",Private,3,1,0,0,0,0,0,0,0,0,"2022-05-21T10:17:44Z"
d36c9ad6-4718-475c-bc63-79a7e3aa8b1a,"KOORDINASI DOKUMEN DMR",Private,2,1,0,0,0,0,0,0,0,0,"2022-06-02T07:44:13Z"
5bb7d3a4-27a2-4ee4-bf61-028a60a42d90,"Koordinasi Serah Terima PSI-PIA-SDP",Private,10,1,3,0,0,0,0,0,0,0,"2022-06-17T00:11:04Z"
586e4b68-7b86-4707-82db-626719c092c4,"KPK",Private,8,1,0,0,0,0,0,0,0,0,"2022-06-21T08:02:03Z"
4d2e5084-8424-43e7-ab70-eb4da1b86531,"KPw BI London",Private,1,1,0,0,0,0,0,0,0,0,"2022-06-01T15:19:43Z"
c7fc037d-8d9a-4ecc-90cd-46046fa80c81,"KPw Cirebon",Private,3,1,0,0,0,0,0,0,0,0,"2022-06-13T00:21:57Z"
7a635d5f-86dc-4472-8c04-c4ae0345e28b,"KPwBI Malang",Private,30,2,0,0,0,0,0,0,0,0,"2022-06-21T09:25:57Z"
f29cfb4d-2997-44cc-9a4e-bf584f40f4c0,"KPwBI Provinsi Banten",Private,4,1,0,0,0,0,0,0,0,0,"2022-06-20T07:54:09Z"
bf36c879-e31a-49fa-a9ea-f6fbeb2d0e2a,"KPwBI Provinsi Kalimantan Selatan",Private,25,8,0,0,15,0,0,0,0,18,"2022-06-21T01:24:35Z"
7b783a68-31cd-45cb-b775-a351cbb3bb3d,"KPwBI Provinsi Kalimantan Tengah",Private,23,5,0,0,0,0,0,0,0,0,"2022-06-21T13:11:08Z"
eded96b8-d2e5-4390-a795-d57694a13cd0,"KPwBI Provinsi Kepulauan Riau",Private,35,3,0,0,0,0,0,0,0,0,"2022-06-21T14:29:13Z"
089e5377-400c-4c5a-9198-a4e714602903,"KPwBI Provinsi Maluku",Private,34,12,0,20,10,3,0,0,3,30,"2022-06-21T22:28:30Z"
6bb11571-3914-41a8-9d2b-8173643af8f2,"KPwBI Provinsi Papua",Private,12,2,0,0,0,0,0,0,0,0,"2022-06-21T04:00:26Z"
0c853146-bfc0-47d8-bd6c-9439e70cfc3f,"KPwBI Provinsi Sulawesi Barat",Private,19,7,0,0,0,0,0,0,0,0,"2022-06-21T07:31:07Z"
b9acd6f4-f46e-4f67-8aa6-b139d698e67c,"KPwBI Provinsi Sulawesi Selatan",Private,15,2,0,0,0,0,0,0,0,0,"2022-06-20T09:12:58Z"
50a439f7-349b-457f-b660-b8cec46b28ad,"KPwBI Provinsi Sumatera Utara",Private,11,1,0,0,1,0,0,0,0,1,"2022-06-21T02:04:11Z"
687fc6ba-5e30-4f40-82ff-e6f784a8f191,"KPwBI Purwokerto",Private,21,1,0,0,0,0,0,0,0,0,"2022-06-19T02:42:04Z"
445c469d-fe29-43c5-b994-bcfe8c16031a,"KRPS",Private,7,1,0,0,0,0,0,0,0,0,"2022-06-21T07:25:51Z"
61091ecc-eed1-4a10-8f68-1838446105fe,"Make Things Happen",Private,1,1,0,0,0,0,0,0,0,0,"2022-04-19T07:16:41Z"
96497604-e5db-439e-aefc-febe51f66f62,"MRDG'ers",Private,9,3,0,8,10,2,0,0,0,18,"2022-06-21T14:41:03Z"
3ce46fc0-524a-4dc2-8a96-8d933fffc578,"PASI-HDTI",Private,1,1,0,0,0,0,0,0,0,0,"2022-06-15T03:36:02Z"
7f54e845-773e-4c79-98ea-f2024ee6fd0b,"PENGUATAN INFRA DAN APLIKASI KRITIKAL",Private,3,2,0,0,0,0,0,0,0,0,"2022-06-10T06:46:29Z"
2017fadc-ae5e-4dd7-bd97-5830e4c1c111,"Perizinan & Persetujuan",Private,1,1,0,0,0,0,0,0,0,0,"2022-04-18T01:24:24Z"
d23faf48-7e88-47c2-9c13-c1c408ed35fd,"Pimpinan DPPT",Private,1,1,0,0,0,0,0,0,0,0,"2022-05-11T01:18:13Z"
57352638-d8c3-4202-b154-924115f151e4,"PKMR",Private,8,1,0,51,115,0,0,1,48,167,"2022-06-21T13:02:39Z"
06d5e64e-6ed2-426f-8a10-f73aef4662ba,"PMO-UKPS",Private,9,1,0,1,1,0,0,0,0,2,"2022-06-21T06:55:13Z"
62f04d85-5c71-4c0c-bac8-68c07886c721,"Proyek BPPU 2020-2025",Private,7,2,0,0,0,0,0,0,0,0,"2022-06-21T08:42:52Z"
aa16e59e-2075-4c3e-8cfa-09494dbe21bc,"Proyek SPI 2020-2025",Private,39,5,2,0,0,0,0,0,0,0,"2022-06-21T08:53:43Z"
2b26ca94-ddf0-45be-a8a4-1f084b4c3faf,"RRK-PMK",Private,28,2,0,0,0,0,0,0,0,0,"2022-06-21T13:42:26Z"
2871168e-ac97-422f-b821-673217a52c96,"Sarana Opkas",Private,1,1,0,0,0,0,0,0,0,0,"2022-04-18T01:51:54Z"
6c105375-3db5-4c55-b19d-868ff7b4e1ef,"SESMABI4",Private,42,1,0,0,0,0,0,0,0,0,"2022-06-21T14:23:03Z"
b2038daf-dd2c-4c0e-8766-50ab656c5308,"SLA DKSP",Private,1,1,0,0,0,0,0,0,0,0,"2022-03-30T01:21:46Z"
2c724a28-2c5b-4fd4-be89-37a964487a71,"SLA-PM-ICO DPM",Private,2,2,0,0,0,0,0,0,0,0,"2022-06-16T06:36:35Z"
cd3a84e7-8970-4a12-bf2e-1fc3ed82468b,"Staf & DGS",Private,1,1,0,0,0,0,0,0,0,0,"2022-06-13T04:37:50Z"
3c7f8e95-616f-43cf-bb0b-5557266208a9,"Task Force Cybersecurity BI (TFC)",Private,4,2,0,0,0,0,0,0,0,0,"2022-06-10T07:02:35Z"
ed554893-08f1-498b-9a06-621e6c96516c,"Teknis KSJ",Private,1,1,0,0,0,0,0,0,0,0,"2022-04-17T11:36:14Z"
c8019729-28de-403b-9e20-44136fd462de,"Tim Hore UKPS",Private,1,1,0,0,0,0,0,0,0,0,"2022-05-13T03:04:30Z"
5c9c00f4-cd0f-41fd-a6ea-291feebe1a44,"Tim Kopeng",Private,3,1,0,0,0,0,0,0,0,0,"2022-06-21T16:23:06Z"
56df648d-f671-4cd0-bacf-6c6f7e3e4bc2,"UMI DKEM",Private,7,1,0,139,45,0,0,0,0,186,"2022-06-21T03:56:55Z"
38da2851-0e5e-4dc2-95be-c93f1e8468ab,"--",Public,1,3,0,0,0,0,0,0,0,0,"2022-05-23T13:12:46Z"
2b469097-7a25-473c-9ac2-12fbac0bc981,"AKSP",Private,2,6,0,0,0,0,0,0,0,0,"2022-06-14T06:44:18Z"
75e22e34-fab3-444d-ab31-17bfd960812e,"Asesmen & Kajian",Private,5,5,3,0,0,0,0,0,0,0,"2022-06-20T01:47:32Z"
fbbed6a5-2500-4c5c-9709-3c45c3b03f44,"BICOBS-DPSI",Private,28,1,0,19,104,0,0,5,86,132,"2022-06-21T05:06:13Z"
ccb57661-e84a-4774-9d73-5b239f7ccc7c,"Central Repository CMMI",Private,15,6,0,0,0,0,0,0,0,0,"2022-06-21T07:22:42Z"
8771a857-960a-4d66-8f5a-fd196b3054c1,"Change Agent 2020",Private,5,1,0,0,0,0,0,0,0,0,"2022-06-17T03:49:29Z"
026ba2af-92ef-436d-aac5-b26c7d53085a,"DAI-KASI",Private,8,1,0,0,2,0,0,0,0,2,"2022-06-21T13:26:19Z"
d84e7fcd-d434-4e1c-b53c-64898bbc99ea,"DAI-Training",Private,4,3,0,0,0,0,0,0,0,0,"2022-06-14T09:27:21Z"
99020a5f-78ea-4556-81b5-8a8a3b324f51,"DEKS",Private,9,5,0,0,0,0,0,0,0,0,"2022-06-16T09:52:21Z"
ae56cb90-aaef-4fa0-b44a-1b63afd17ff1,"DigiWork",Private,4,1,0,0,0,0,0,0,0,0,"2022-06-07T01:15:45Z"
e27949ec-e83b-4520-a34f-c9bde17f4a67,"DInt-DHI",Private,6,1,0,0,1,0,0,0,0,1,"2022-06-21T04:38:16Z"
18799966-1a68-40c9-bb1a-97a0f9ee134b,"Divisi Manajemen Kinerja",Private,1,1,0,0,0,0,0,0,0,0,"2022-04-13T06:10:05Z"
8ef6ec31-af93-4f0f-a605-62440adc1b76,"Divisi OSTP",Private,14,1,0,0,0,0,0,0,0,0,"2022-06-21T13:20:33Z"
665f4fd4-bd0a-4307-b282-d8407c31388e,"Divisi Perencanaan Strategis",Private,4,1,0,0,0,0,0,0,0,0,"2022-06-21T14:10:58Z"
3de3f74d-16cf-4fd5-85bd-4b7a9d8e8c78,"Divisi Persetujuan SP Ritel",Private,6,2,0,0,0,0,0,0,0,0,"2022-06-07T14:16:42Z"
a8fbab48-c578-4b30-8a6c-4eabc8a97769,"Divisi PIA Moneter",Private,5,6,0,0,0,0,0,0,0,0,"2022-06-06T07:01:27Z"
ce738db4-27b0-4815-801c-0a0f646a23c5,"Divisi PITI",Private,15,3,0,2,1,1,0,1,3,3,"2022-06-21T10:27:58Z"
e00e6f3a-7929-4ba3-ba65-917e415b4763,"DKEM KKP",Private,8,1,0,302,54,0,0,1,1,356,"2022-06-21T04:27:09Z"
57467aa9-1415-4772-8678-293a36b79512,"DKEM-KPM",Private,7,1,0,0,0,0,0,0,0,0,"2022-06-20T03:21:22Z"
233f2ba4-2aca-4c69-871c-f783f54182dd,"DKMP",Private,65,18,0,7,5,0,0,0,0,12,"2022-06-21T13:42:01Z"
2db0ae58-bcb7-4323-aa38-c7ff89e50508,"DKom",Private,53,11,0,6,0,1,0,0,0,6,"2022-06-21T12:39:57Z"
6a86901c-f434-4ca6-936b-1ef0d59f48f7,"DKSP",Private,53,10,0,20,3,0,0,0,0,30,"2022-06-21T13:41:36Z"
05648613-5bf7-44c1-b47b-a91f44c599d3,"DKSP Pengaturan",Private,5,1,0,0,0,0,0,0,0,0,"2022-06-21T09:00:28Z"
5d3433a6-2d76-4a1c-8507-779344b28416,"DKSP-APUPPT",Private,2,1,0,0,0,0,0,0,0,0,"2022-06-06T12:37:59Z"
67a9e9ac-6701-4b58-b0c7-c48f4fbde8b2,"DMST Official",Private,61,12,0,1,2,2,0,0,5,3,"2022-06-21T23:38:37Z"
34705280-dbe4-4341-bc42-6014a7b293f2,"dphmssk",Private,2,1,0,0,0,0,0,0,0,0,"2022-04-20T07:15:16Z"
e9681ba4-0868-4d55-af00-972ae0c67103,"DPKL",Private,132,15,0,0,1,2,0,0,0,1,"2022-06-21T14:31:38Z"
cf246ef2-47c5-4b43-8c90-eafe1dc6ee0b,"DPPK-KIP",Private,1,1,0,0,0,0,0,0,0,0,"2022-04-25T00:37:21Z"
e2ac10e9-04cf-41b7-b75e-e7bfbf19ef4f,"DPSI PIMPINAN",Private,6,1,0,0,0,0,0,0,0,0,"2022-06-16T08:50:19Z"
1a039322-dda2-4291-a20e-ce930c1bcee2,"DPSP",Private,41,6,0,0,0,0,0,0,0,0,"2022-06-21T13:53:17Z"
554bea19-aa4c-492a-a36b-a3410f9b8d97,"DPU",Private,148,16,0,51,51,0,0,1,0,102,"2022-06-21T08:09:00Z"
90b8bfa4-6a4c-408a-85b4-c98ec54ef73f,"Draft PADG Laporan Bank Umum Terintegrasi",Private,2,1,0,0,0,0,0,0,0,0,"2022-06-20T01:00:17Z"
c3a770f3-4994-450a-bd8b-f07c710ddf1c,"DSKP",Private,6,1,0,0,0,0,0,0,0,0,"2022-06-17T11:00:45Z"
e9e69a37-0bcf-4d88-bb6c-78104a0708f6,"DSMF",Private,11,5,0,577,50,0,0,1,0,652,"2022-06-21T13:25:13Z"
873500c7-82da-4fff-b852-650a025ae326,"DSSK",Private,72,2,0,0,0,0,0,0,0,0,"2022-06-21T14:25:17Z"
9762b173-4800-4d4c-9e16-be73985963e4,"DSTA",Private,89,19,0,29,30,0,0,0,0,59,"2022-06-21T23:27:09Z"
8b55d2f4-ac13-4ffe-a7c6-a984d2772272,"FMI",Private,3,1,0,0,0,0,0,0,0,0,"2022-06-08T04:05:50Z"
76434539-85e9-4628-acde-11ce5a9173dc,"GAPM",Private,25,1,0,0,0,0,0,0,0,0,"2022-06-21T15:03:36Z"
4a61ace8-cd99-4c5d-a5d0-f4276a082af6,"GKMP-K3-Int",Private,7,15,0,0,0,0,0,0,0,0,"2022-06-21T10:26:43Z"
639e1ea8-7c32-429d-8593-20945d3e4f20,"Integrasi Pelaporan",Private,5,2,0,0,0,0,0,0,0,0,"2022-06-02T13:10:39Z"
42b15545-740e-4c04-8269-1c86966d8f20,"K3",Private,2,1,0,0,0,0,0,0,0,0,"2022-06-13T09:45:07Z"
4384c4dd-9d52-461e-b270-c7541149504b,"Kelompok 7 - Fasilitasi & Konsultansi MR",Private,5,1,0,0,0,0,0,0,0,0,"2022-06-17T18:12:55Z"
4307268d-0409-4323-825f-a47ca5d75a46,"Kelompok Asesmen & Pengembangan PU",Private,5,5,0,2,4,0,0,0,1,6,"2022-06-21T02:48:15Z"
6a2f2116-064c-4f64-92d3-b56ce29e5297,"Kelompok Kebijakan Pengelolaan Keuangan",Private,9,1,0,3,6,0,0,0,0,9,"2022-06-21T10:06:59Z"
e9301263-b0c7-4fa4-b54d-a4bcdfd4f6e5,"Kepala Perwakilan Wilayah Jawa",Private,1,1,0,0,0,0,0,0,0,0,"2022-06-07T01:46:55Z"
c66c97e4-b2f3-44ff-8a5d-5ef28d2355fb,"Kepala Perwakilan Wilayah Kalimantan",Private,3,1,0,0,0,0,0,0,0,0,"2022-05-24T02:47:39Z"
0b2d09f5-286b-4f83-aa87-5efa47e20d95,"KKA Warrior",Private,11,1,0,0,0,0,0,0,0,0,"2022-06-21T14:21:47Z"
2fb81a12-ce87-4938-8e17-7732986f0ce6,"KMA",Private,6,2,0,0,276,0,0,0,0,296,"2022-06-21T23:47:30Z"
30add306-6c61-4437-8326-6b7517922068,"KMKL (d/h DMK)",Private,8,7,0,11,2,0,0,0,1,13,"2022-06-21T09:43:38Z"
b27bfe05-ba9b-444d-be74-01a095c531e3,"Koordinasi Analytics TFPD - SDP - PIA-SP",Private,5,1,0,118,5,0,0,8,14,128,"2022-06-20T03:42:09Z"
6ee1d87a-3abf-4afa-beaa-fedb43fc4b9d,"Koordinasi DKSP",Private,5,1,0,0,0,0,0,0,0,0,"2022-06-20T00:36:49Z"
9e6b6773-c949-4949-8184-217289ae0995,"KPAK - DUPK",Private,8,3,0,21,13,0,0,0,15,34,"2022-06-21T08:17:06Z"
2c07b477-14cd-4628-bac8-fd267cc074ee,"KPK 1 Moneter dan Makroprudensial",Private,5,1,0,0,0,0,0,0,0,0,"2022-06-21T09:29:27Z"
c6c3a8f2-fbee-4fed-8632-2dd1007c6be8,"KPKP_Jakarta",Private,13,1,0,3,1,0,0,0,0,4,"2022-06-21T13:48:46Z"
67d2e51b-5dca-4dce-b4dd-c9c98db8c783,"KPMS 1",Private,2,1,0,0,0,0,0,0,0,0,"2022-06-20T02:16:56Z"
629578f8-819f-478e-a4cf-3c66050c4aad,"KPwBI Jember",Private,13,1,0,0,0,0,0,0,0,0,"2022-06-21T14:02:36Z"
0f45e5ef-effc-4ccb-b0a6-82f6ae4aaec4,"KPwBI Lhokseumawe",Private,19,2,0,0,1,0,0,0,0,1,"2022-06-21T23:18:36Z"
b27d7c66-c082-4e93-bf44-f9abf34f3ba9,"KPwBI Provinsi Aceh",Private,10,2,0,0,0,0,0,0,0,0,"2022-06-20T10:06:45Z"
bb256af2-63bf-4fd3-9d63-768c5a27d01f,"KPwBI Provinsi Gorontalo",Private,20,1,0,2,1,0,0,0,1,3,"2022-06-20T23:26:58Z"
96c3421b-8721-4aeb-bb51-e659f52d2f90,"KPwBI Provinsi Jambi",Private,25,3,0,0,1,0,0,0,0,1,"2022-06-21T15:14:47Z"
5225e8b8-40b4-475e-b83d-79eacc8cf5db,"KPwBI Provinsi Kalimantan Utara",Private,33,11,0,0,0,0,0,0,0,0,"2022-06-21T23:34:13Z"
a5b15179-2099-4830-9438-c4aeb9d99589,"KPwBI Provinsi Maluku Utara",Private,14,2,0,1,3,0,0,0,0,4,"2022-06-21T11:36:24Z"
57c9f728-9483-4031-85f0-d525124646c3,"KPwBI Provinsi NTB",Private,17,2,0,0,0,0,0,0,0,0,"2022-06-19T12:45:29Z"
b7821c34-dc65-4910-9b11-1b83f7a33ba2,"KPwBI Provinsi Riau",Private,17,3,0,0,0,0,0,0,0,0,"2022-06-16T02:10:24Z"
5c3ae4bf-2f79-46a2-b836-1b64fe436dd4,"KPwBI Provinsi Sulawesi Tengah",Private,10,2,0,0,0,0,0,0,0,0,"2022-06-18T11:31:30Z"
a631bd8d-05db-49e7-90b7-cd72a25ec7eb,"KPwBI Provinsi Sumatera Barat",Private,26,6,0,4,4,0,0,1,0,9,"2022-06-21T10:53:48Z"
1f66f3a7-f228-493f-9173-41aa80077ac5,"KPwBI Sibolga",Private,4,1,0,0,0,0,0,0,0,0,"2022-06-02T05:18:30Z"
2002bdc0-af76-4d55-9e6a-84caba949034,"KPwBI Tegal",Private,22,1,0,0,0,0,0,0,0,0,"2022-06-21T12:33:01Z"
500ade13-a16e-4ab6-aa3c-dfc50320440c,"KPwBI Tokyo",Private,3,1,0,0,0,0,0,0,0,0,"2022-06-21T10:55:15Z"
033ecbdd-0005-4f29-9c0d-b226a6f3d74f,"KRRK-PMO",Private,10,5,0,0,0,1,0,0,0,0,"2022-06-21T01:12:08Z"
9eb622b7-ebb5-4c8f-b6ca-a8781547d4b8,"Liaison Officer BPK-RI",Private,64,1,0,0,0,0,0,0,0,0,"2022-06-21T13:24:20Z"
4ef9ef10-4f37-40cc-a288-17a0c162b65c,"Operasional BIFAST",Private,33,7,0,3,1,0,0,1,0,5,"2022-06-21T18:25:51Z"
31c9d03c-ca7e-45bc-905e-5f7298bcb0f2,"OSI - PSI",Private,2,2,0,0,0,0,0,0,0,0,"2022-05-19T06:28:38Z"
c6976847-5261-4896-b183-2568a0ee0e15,"PCPM XXX",Private,1,1,0,0,0,0,0,0,0,0,"2022-04-15T07:30:45Z"
4d8069f1-5219-4d17-885c-148685c7c377,"Pengembangan Model",Private,2,1,0,0,0,0,0,0,0,0,"2022-05-27T03:56:38Z"
f4397d85-cbb5-4ea5-803e-2a1ed42f6d07,"Pimpinan DR",Private,6,1,0,0,0,0,0,0,0,0,"2022-06-19T05:25:55Z"
4f3a9144-94e1-4c86-abc1-5a44e488dbb0,"Pokjanas P2DD",Private,7,2,0,0,0,0,0,0,0,0,"2022-06-21T15:32:20Z"
8292543b-8f5e-48a6-9bd5-e9a3a11339b2,"Progress Jadwal Audit",Private,4,1,0,0,0,0,0,0,0,0,"2022-06-21T08:23:33Z"
72cd92d0-e58d-4c25-94f0-e33f541de645,"PTBI",Private,7,3,0,0,0,0,0,0,0,0,"2022-06-21T01:59:09Z"
bf576197-3c48-4525-84fa-c15206be0ec9,"Rekonsiliasi BAPP - DPSI",Private,5,1,0,0,0,0,0,0,0,0,"2022-06-16T03:25:09Z"
381e97ad-0b06-4080-b646-1c86a3bc43fe,"Renstra SIBI",Private,1,1,0,0,0,0,0,0,0,0,"2022-03-31T03:59:34Z"
4eb3d294-5270-4315-b756-717ae57832e0,"Riset Inflasi",Private,2,1,0,0,0,0,0,0,0,0,"2022-06-09T08:36:05Z"
5c900d66-1509-4421-861e-e99a699a47b8,"RRK",Private,3,1,0,0,0,0,0,0,0,0,"2022-05-19T08:50:53Z"
3d70d40c-9976-4758-ac1b-4fe40531efd3,"Shared Materi",Private,1,1,0,0,0,0,0,0,0,0,"2022-06-03T02:32:05Z"
84f1d2b5-ad58-4f50-8703-d5b643e60ff5,"Simulasi Siber",Private,4,3,1,0,0,0,0,0,0,0,"2022-06-03T03:20:42Z"
e46b4b6f-e40d-443d-b2cb-63b6c7d2292e,"SLA",Private,8,1,0,0,0,0,0,0,0,0,"2022-06-17T02:29:23Z"
1dfc7e59-9791-4572-becb-343f148a42e2,"SPESIALIS RISET PRBI - BINS",Private,4,1,0,0,0,0,0,0,0,0,"2022-05-24T01:45:22Z"
f1a00279-0a52-4d0a-ad20-d50b1430a696,"SPK - YKKBI",Private,1,1,0,0,0,0,0,0,0,0,"2022-04-25T07:54:36Z"
40bc2cbf-4962-49b9-a986-b19119e92833,"SPNB",Private,14,1,0,0,0,0,0,0,0,0,"2022-06-21T13:59:10Z"
86f5d636-9ea6-445b-9c6b-59dce1190fca,"Staf DInt",Private,4,1,0,0,0,0,0,0,0,0,"2022-06-20T06:52:23Z"
039f81da-a764-4843-9be4-5e560009ee9a,"System & Perangkat",Private,5,1,0,1,0,0,0,0,0,2,"2022-06-21T07:54:44Z"
bd58c2a0-405b-4229-88af-21f1ab590514,"Talent Bank Indonesia",Public,258,8,0,4,17,0,0,1,0,21,"2022-06-21T18:46:36Z"
cad04080-9a0b-4e35-8a3e-8f467555d526,"TBC",Private,2,1,0,0,0,0,0,0,0,0,"2022-05-13T01:31:59Z"
1fc51d56-bab6-42d4-b323-3e8ef8f53b8c,"Team ISIRT-BI",Private,11,1,0,0,0,0,0,1,0,0,"2022-06-21T04:08:47Z"
759dde36-9b9b-440f-87c1-d551e89836d3,"TFPD Kelembagaan",Private,38,2,6,0,0,0,0,0,0,0,"2022-06-21T11:14:43Z"
da1e57ea-85da-473f-809c-2d8b3f78c23e,"Tim 1 HPS",Private,2,2,0,0,0,0,0,0,0,0,"2022-06-21T14:55:57Z"
f16cb109-5764-4a81-9d56-e80df3c16ff8,"Tim APE Kalimantan Tengah",Private,9,1,0,0,0,0,0,0,0,0,"2022-06-10T03:33:05Z"
60c179f9-ea71-45f2-8996-15eb33c2eb15,"Tim Inflasi - Penyusunan Bahan State of Economy",Private,1,1,0,0,0,0,0,0,0,0,"2022-06-03T12:54:59Z"
9b1bacb3-8fb4-41d8-8bbe-5460681cb284,"TPIK KPwBI Prov. Jambi",Private,7,1,0,0,0,0,0,0,0,0,"2022-06-17T02:50:11Z"
6179831f-c1b7-446a-befc-aa4e7d4c7b50,"Transformasi Kelembagaan",Private,12,5,0,3,2,0,0,0,2,5,"2022-06-21T15:40:32Z"
749c1b91-2a1d-46c5-bd59-b8f18239e36e,"ALGM20",Private,4,1,0,0,0,0,0,0,0,0,"2022-06-20T13:47:10Z"
0dc53178-0cbf-4412-9db8-8fddb8024911,"Amandemen PDG",Private,4,1,0,0,0,0,0,0,0,0,"2022-05-22T01:35:20Z"
87b591c5-a94e-449c-b241-9e04ec510c0a,"Bank Indonesia",Public,4519,10,45,59,31,2,0,8,34,107,"2022-06-21T23:57:21Z"
3502c04e-e753-4cd1-a88b-92dbefb7afe4,"BINS GPA KIKP",Private,1,1,0,0,0,0,0,0,0,0,"2022-06-03T06:33:34Z"
cd776793-dcb5-407d-b887-dee36b3cd983,"Bjm-KKAEK",Private,1,1,0,0,0,0,0,0,0,0,"2022-04-28T04:42:02Z"
777cbdc4-7ea2-4f52-83a9-3eaf31dc0f18,"Budaya Kerja Bank Indonesia",Private,182,3,0,4,2,0,0,6,0,6,"2022-06-21T13:29:57Z"
9dbf1153-1c8a-4e52-aef6-8eb1b3f0e887,"Case SOSA ERP",Private,1,1,0,0,0,0,0,0,0,0,"2022-04-18T03:22:05Z"
705752bd-6cd2-4131-ba02-72bda644f030,"DAI",Private,9,4,0,0,0,0,0,0,0,0,"2022-06-17T03:02:41Z"
e5d2ca13-7f04-46b6-870c-7931fd785e3b,"DAI-Pre CBS-2020",Private,1,1,0,0,0,0,0,0,0,0,"2022-04-14T09:40:38Z"
229eb661-55f8-42cb-9162-a73d9cb27719,"DEKS-KPSKIS",Private,2,1,0,0,0,0,0,0,0,0,"2022-06-15T01:41:21Z"
d0e08540-6a0a-49a9-b345-19bbc563f040,"Demo Teams",Public,5,4,0,2,5,0,0,0,0,7,"2022-06-01T06:26:56Z"
87558427-9651-44e2-853d-620c121cf0aa,"Digital Workplace",Private,6,3,0,0,0,0,0,0,0,0,"2022-06-21T15:07:26Z"
427233a0-5775-49a1-81c0-bc2142c38885,"DInt HI-1",Private,5,1,0,0,0,0,0,0,0,0,"2022-06-21T10:41:55Z"
a4dc260f-71d4-4753-90b3-c0ef397b0a80,"Divisi DPBD",Private,12,1,0,0,1,0,0,1,0,1,"2022-06-21T09:55:21Z"
f2a5d65c-4a40-4fb6-a011-1ea3f4d46432,"Divisi Hubungan Internasional 3",Private,4,1,0,0,0,0,0,0,0,0,"2022-06-21T09:40:13Z"
4831c6b5-3f41-4e3c-a4c8-b3cb43c3b22e,"Divisi Kebijakan Logistik",Private,3,1,0,0,0,0,0,0,0,0,"2022-06-16T09:54:42Z"
2c5f7df0-2d21-4940-9e5b-1ec93bb4e866,"Divisi Legislasi",Private,5,1,0,0,0,0,0,0,0,0,"2022-06-17T09:23:40Z"
b9248a96-e7d7-4a28-b44a-b7d75293e058,"Divisi MPSI",Private,11,16,0,0,0,0,0,0,0,0,"2022-06-21T02:43:24Z"
2f5c32f2-1ef6-4c55-9863-0c79fee0aec2,"Divisi OSI",Private,66,16,0,4,4,0,0,0,8,9,"2022-06-21T23:46:14Z"
9af7391b-5a27-4c3f-8cfb-183de218895b,"Divisi Pengelolaan Konstruksi",Private,1,1,0,0,0,0,0,0,0,0,"2022-05-19T01:36:20Z"
a18cf963-ee76-4f12-b95c-1b1451bce09a,"Divisi PIA SSK",Private,6,1,1,0,0,0,0,0,0,0,"2022-06-21T16:02:28Z"
7cb6e389-d543-4ce3-8e24-08334f44a394,"DIVISI PKH",Private,4,3,0,0,0,0,0,0,0,0,"2022-06-15T07:09:50Z"
c0eda8f9-fc41-471f-a767-d437f264a295,"Divisi PKSI",Private,22,9,0,0,0,0,0,0,0,0,"2022-06-21T13:32:27Z"
2ef5003f-5673-44bf-915a-c0538b6e7cbd,"Divisi PSBI & Hubungan Stakeholder",Private,1,1,0,0,0,0,0,0,0,0,"2022-06-20T09:51:55Z"
b921089c-737a-442e-b3ac-cde40db94764,"Divisi Tata Kelola Kelembagaan",Private,6,2,0,0,0,0,0,0,0,0,"2022-06-21T13:19:05Z"
9fdcd9e2-fd22-433f-9dfc-b0a7e46e61f9,"DKEM KMK",Private,9,1,0,0,0,0,0,0,0,0,"2022-06-21T16:27:25Z"
40ca21e9-d90e-4f1a-be71-ee3e318d4e0a,"DKSP - Kel. Instrumen & Infrastruktur SP Ritel",Private,8,4,0,0,0,0,0,0,0,0,"2022-06-14T08:39:48Z"
90ff9aa4-0fbe-4ff9-8945-5f594a6b777c,"DPAI Penelitian",Private,2,1,0,0,0,0,0,0,0,0,"2022-06-08T08:31:41Z"
79231948-e755-4c9f-a2c4-cc99ed1e9059,"DPBH 4.0",Private,7,2,0,0,0,0,0,0,0,0,"2022-06-21T13:35:49Z"
467b4e39-909d-45f9-a4e3-ec29acd6c67b,"DPD_KAFC",Private,8,1,0,0,0,0,0,0,0,0,"2022-06-21T14:37:13Z"
ce6c4975-1ca2-48a0-9727-b511fcd26ece,"DPHPIH",Private,8,1,0,0,0,0,0,0,0,0,"2022-06-21T11:07:23Z"
359ce5ef-4324-4cd3-8862-500669fe1754,"DPKMV",Private,7,1,0,26,0,0,0,0,1,28,"2022-06-21T13:26:08Z"
793ad364-2721-460a-acba-22f14949961c,"DPMP",Private,6,1,0,1,1,1,0,0,0,2,"2022-06-21T18:37:42Z"
607e66ec-f71c-4798-bfb8-f31a4e653658,"DPPT",Private,74,22,0,0,4,0,0,0,0,4,"2022-06-21T13:32:47Z"
5e2d3602-b3f0-4f3d-ba51-dc4edcdc8b61,"DPS",Private,107,22,1,1955,264,0,0,2,1812,2317,"2022-06-21T16:43:47Z"
c13e1088-c345-4759-8f1d-9830b59175f4,"DPSI",Private,137,17,0,44,15,0,0,8,15,61,"2022-06-21T20:10:47Z"
33fad1d7-2fe4-4338-a232-220e7b19db58,"DPSI CA",Private,1,4,0,0,0,0,0,0,0,0,"2022-04-11T07:02:23Z"
43b0bc75-0d3a-433c-a116-39f2b34b167c,"DPSI SMILE",Private,58,2,0,0,4,0,0,8,0,5,"2022-06-21T18:50:07Z"
49e99a2f-d065-4ebe-84ed-84db7ba2faba,"DPSI-TKPSI",Private,1,1,0,0,0,0,0,0,0,0,"2022-04-27T08:12:53Z"
9d5ac0b9-5128-4754-befc-598419c91f13,"DPUGuardian",Private,1,1,0,0,0,0,0,0,0,0,"2022-06-19T04:16:25Z"
ea92075d-5221-429c-b05a-eb8fba33b300,"DSNP",Private,16,6,0,0,2,0,0,0,0,2,"2022-06-21T23:26:52Z"
15c7dea7-53f7-47f2-9cb3-2e140c1e4003,"Grup Pengembangan Kelembagaan",Private,1,1,0,0,0,0,0,0,0,0,"2022-06-13T06:04:26Z"
2d28cfce-f6e6-4ac5-802e-ef534055f867,"HRIS",Private,7,2,0,0,0,0,0,0,0,0,"2022-06-17T03:54:00Z"
0af5f6f2-5fd7-40ff-8808-c99c3ed69d3f,"ICO BI",Private,157,1,0,14,2,0,0,0,2,16,"2022-06-21T13:57:27Z"
115ef804-148e-4dd4-b8b8-75f473c76289,"Kelompok 4: PUR dan Non SDM",Private,6,2,0,5,4,0,0,0,0,9,"2022-06-21T23:25:21Z"
256e9330-5f68-495a-8eeb-e2cbbeb430e2,"Kelompok DKMP-GKMP-K2-Data",Private,2,1,0,0,0,0,0,0,0,0,"2022-06-16T09:22:30Z"
42d51f0b-ced3-48bb-bbbc-922feaa78691,"Kelompok PMR & PDI",Private,2,1,0,0,0,0,0,0,0,0,"2022-06-21T00:51:57Z"
f297b165-6dec-4004-a9af-cbfdeafd1477,"KEM-Inflasi",Private,6,1,0,221,54,0,0,0,0,275,"2022-06-21T08:14:30Z"
73a82222-62cf-4243-bee3-568542aab486,"KEN-DKEM",Private,10,1,0,210,48,0,0,7,0,268,"2022-06-21T10:15:22Z"
7275df27-821a-4a0c-a117-5cb317870deb,"Kepala Perwakilan SULAMPUA",Private,2,1,0,0,0,0,0,0,0,0,"2022-06-21T23:41:54Z"
db3962af-d9c3-4747-a98f-3dd6e87b0d9f,"Kepala Perwakilan Wilayah Sumatera",Private,6,1,0,0,0,0,0,0,0,0,"2022-06-21T02:31:25Z"
3b7fc31e-76bc-4235-8a19-3d2465903d61,"KKI 2020",Private,8,4,0,0,0,0,0,0,0,0,"2022-06-20T15:12:42Z"
0b6937ba-7279-4146-831c-f9caed3f469b,"Klarifikasi Addendum EDW ASBI Tahap III",Private,1,1,0,0,0,0,0,0,0,0,"2022-05-10T10:34:02Z"
2a8a588f-a5d4-408f-8b0f-f2ddcb3c7a53,"Kompartemen ADG Bidang 5",Private,3,1,0,0,0,0,0,0,0,0,"2022-06-15T13:42:09Z"
79a8be26-5c86-4a8c-813a-00a88b837dc5,"Koordinator Arsip Bank Indonesia",Private,8,5,0,0,0,0,0,0,0,0,"2022-06-21T02:11:36Z"
79dfebe9-246d-4071-8dfa-c7eee0147731,"KOPASUS",Private,3,1,0,0,0,0,0,0,0,0,"2022-06-20T02:02:30Z"
12292f9d-0f05-4820-a14f-ee8732ddcf8b,"Korporasi",Private,5,1,0,0,0,0,0,0,0,0,"2022-06-17T03:15:12Z"
4f22f2ab-3e22-4720-9089-65901ddf965d,"KPMS",Private,3,1,0,0,0,0,0,0,0,0,"2022-06-14T06:54:08Z"
abe27960-751a-4e1d-9e12-12867e87de5e,"KPO Team's",Private,2,1,0,0,0,0,0,0,0,0,"2022-06-20T01:21:49Z"
45f8abfd-413a-4b4b-9927-17c3d8072a5d,"KPw BI New York",Private,3,1,0,0,0,0,0,0,0,0,"2022-05-09T20:34:15Z"
635460b2-6fb9-4204-b22a-1fbf4141e644,"KPwBI Balikpapan",Private,24,7,0,15,15,6,0,0,0,31,"2022-06-21T13:18:27Z"
cd367574-6b38-4393-a811-9f190cbdf3f7,"KPwBI Kediri",Private,23,1,0,0,0,0,0,0,0,0,"2022-06-21T09:48:51Z"
b05dc105-a613-4178-9327-9c10f774d1cd,"KPwBI Provinsi Bali",Private,19,5,0,11,2,0,0,0,2,14,"2022-06-21T00:29:06Z"
4f889400-566d-4e3b-ae35-6d22cdfc3275,"KPwBI Provinsi Bengkulu",Private,3,1,0,0,0,0,0,0,0,0,"2022-06-08T01:46:19Z"
0f6fef2b-5939-4620-87ec-185088db0b8f,"KPwBI Provinsi D.I. Yogyakarta",Private,34,11,0,38,90,0,0,48,1,131,"2022-06-21T13:26:38Z"
4a1d4331-c9ff-4f3a-b6b1-c53789894e0d,"KPwBI Provinsi DKI Jakarta",Private,53,3,0,6,2,4,0,0,0,11,"2022-06-21T12:26:09Z"
26140b47-73d8-4c89-929f-af0f1b319e51,"KPwBI Provinsi Jawa Tengah",Private,10,6,0,0,0,0,0,0,0,0,"2022-06-17T01:09:18Z"
ac841051-be0f-4cd3-9ae4-3b1524680111,"KPwBI Provinsi Jawa Timur",Private,16,1,2,0,0,0,0,0,0,0,"2022-06-16T08:11:08Z"
b4a4d84d-64d0-456e-adfb-1c79758c3890,"KPwBI Provinsi Kalimantan Barat",Private,26,5,0,0,1,1,0,0,0,1,"2022-06-21T13:23:21Z"
2d017fca-9aa4-4358-8622-925f63f24611,"KPwBI Provinsi Kalimantan Timur",Private,29,9,0,2,3,0,0,0,0,5,"2022-06-21T23:50:23Z"
65dcb3f4-4f12-4f74-832f-ddc0500695c9,"KPwBI Provinsi Kepulauan Bangka Belitung",Private,20,9,0,1,0,1,0,0,1,1,"2022-06-21T09:14:35Z"
13dd143b-b248-4127-a46e-167bf1363cdf,"KPwBI Provinsi Lampung",Private,22,9,0,0,0,0,0,0,0,0,"2022-06-13T04:22:38Z"
6de7e555-1fb4-4587-bbdf-6cf03fc45694,"KPwBI Provinsi NTT",Private,28,8,0,8,3,0,0,0,3,11,"2022-06-21T09:31:51Z"
92cf1301-09b0-4337-aa17-c0a575f8080c,"KPwBI Provinsi Papua Barat",Private,20,1,0,0,0,0,0,0,0,0,"2022-06-21T18:37:37Z"
0b18862a-1b46-4ba3-a296-a80b93a9058e,"KPwBI Provinsi Sulawesi Tenggara",Private,29,15,0,127,44,0,0,49,24,177,"2022-06-21T13:20:57Z"
c1f96d31-04e8-45c1-91a1-a7afce917e82,"KPwBI Solo",Private,32,1,0,41,17,0,0,28,0,71,"2022-06-21T14:20:37Z"
5b8adb4b-bf8f-44bb-8b3e-384166cfc3ef,"KPwBI Tasikmalaya",Private,5,2,0,0,0,0,0,0,0,0,"2022-06-14T01:40:25Z"
93949c62-9d01-4c8b-b8eb-7f11dbbb2633,"KPwDN Self Governance (SGo)",Private,4,1,0,0,0,0,0,0,0,0,"2022-06-20T02:18:57Z"
17f42b9e-ed1d-4b24-87b3-2b4d336bf60b,"Metadata team Eksternal",Private,1,1,0,0,0,0,0,0,0,0,"2022-04-01T01:38:35Z"
5dd03c99-d6da-477e-ae51-e2fa92a391f9,"MKTBI",Private,3,1,0,0,0,0,0,0,0,0,"2022-06-14T10:21:44Z"
811dea95-a38b-405b-8132-4ff4900dc207,"PMO GPSI",Private,5,1,0,0,0,0,0,0,0,0,"2022-06-10T09:57:02Z"
1fd75f7d-bde4-41ef-b174-42eabb0f2961,"PP-MI LEVEL 1",Private,4,1,0,0,0,0,0,0,0,0,"2022-06-03T09:03:49Z"
4f0c1fb7-ee18-4518-9627-54123e27e159,"Program Transformasi Digital BI",Private,1,1,0,0,0,0,0,0,0,0,"2022-05-24T07:37:48Z"
170cf2db-db59-4203-b551-b41303d853f0,"PTT All",Private,17,4,0,0,0,0,0,0,0,0,"2022-06-15T03:02:43Z"
0e86d6f6-6f19-4682-ab4f-b55dd4babf51,"PUSAKA-BI",Private,2,5,0,0,0,0,0,0,0,0,"2022-06-15T09:12:59Z"
667176dc-10e7-417a-9745-bf9ebccbd2e4,"Roadmap Pengembangan Framework Risiko BI",Private,3,1,0,0,0,0,0,0,0,0,"2022-05-31T03:53:18Z"
d7c6ca4e-b543-42d2-8d8e-f3a74d356d63,"SAKTI MKTBI",Private,1,1,1,0,0,0,0,0,0,0,"2022-06-02T06:34:13Z"
8ee94e94-d9ec-4e9d-bfb7-11df09203466,"Satoru",Private,1,1,0,0,0,0,0,0,0,0,"2022-06-03T11:16:26Z"
cab7584e-cbbf-4e16-9fe1-1827c69a6f7c,"SESPIBI 37",Private,13,1,0,0,0,0,0,0,0,0,"2022-06-21T01:15:54Z"
ee5464b7-8579-48f3-949e-fab700106060,"SESTABI KOMPAK SEHAT LULUS BERSAMA",Private,5,1,0,0,0,0,0,0,0,0,"2022-06-21T12:35:33Z"
ccad4e72-b14a-43d0-ac53-1240edabde08,"SP1ders",Private,8,1,0,0,0,0,0,0,0,0,"2022-06-21T10:17:36Z"
1af58ea8-e8f6-4fae-ac1e-024c0d522ff9,"Spesialis Peneliti",Private,1,1,0,0,0,0,0,0,0,0,"2022-05-30T07:08:16Z"
b93d432e-9571-4117-b5c0-a759e37c17ab,"Teknis KSJ",Private,1,1,0,0,0,0,0,0,0,0,"2022-04-05T02:18:40Z"
3773e457-3b01-4433-aa18-c815b3e99110,"TF BIMASAKTI",Private,2,1,0,0,0,0,0,0,0,0,"2022-06-21T08:26:40Z"
954bf472-4ddb-4342-87d5-cbc5a9efd49e,"TIM PENULIS LPI 2019",Private,8,1,0,0,0,0,0,0,0,0,"2022-06-19T14:09:41Z"
fc83d5b5-483d-44cd-b0a7-8d2a9cc207bb,"Tim PM DPSI",Private,2,1,0,0,0,0,0,0,0,0,"2022-06-07T04:36:35Z"
280cb61b-f8c1-4c69-bd91-9da6bece0a5a,"UKPS",Private,26,6,0,5,6,0,0,0,0,11,"2022-06-21T11:02:54Z"
34630d34-af16-4524-b7b7-94196d7ef052,"UKTSI",Private,20,3,0,7,4,0,0,0,7,12,"2022-06-21T07:51:59Z"
42401d24-352f-4978-997c-40aaa5522b48,"ULN PLLD",Private,10,1,0,0,0,0,0,0,0,0,"2022-06-13T10:07:59Z"
4a837eea-b1a2-4e32-a770-a189d5b8b0e2,"VAPT SWIFT",Private,1,1,0,0,0,0,0,0,0,0,"2022-06-09T04:02:56Z"
a2668682-5445-4c9c-94d8-4043eeecb1ca,"--",Public,1,1,0,0,0,0,0,0,0,0,"2022-04-12T02:27:18Z"
69736f40-36d1-4de7-90c9-d4398fe6f57a,"--",Public,1,1,0,0,0,0,0,0,0,1,"2022-05-30T04:31:22Z"
7b41bf93-c3b1-44dc-bfd1-d81f17aa23dc,"BI 4.0 Omni experience",Private,12,4,0,0,0,0,0,0,0,0,"2022-06-21T10:11:10Z"
af984ceb-fe38-40dd-bd5f-5d5c133b0ade,"Briefing Bahan RDG Internal GSKE",Private,4,1,0,0,0,0,0,0,0,0,"2022-06-15T01:54:05Z"
d8a0d950-34d4-43ac-a03a-42c2367fabf4,"BSPI 2025",Private,37,2,0,0,0,0,0,0,0,0,"2022-06-21T04:15:13Z"
61f00128-7b60-4c8b-b7ad-68556de91d00,"CA DHk 2022",Public,20,1,0,0,0,0,0,0,0,0,"2022-06-21T01:37:56Z"
fa7ce1b9-b79e-4737-9741-b1fa81bec672,"DHE",Private,51,5,0,0,0,0,0,0,0,0,"2022-06-21T16:22:40Z"
bb55b709-416e-4d23-868b-10bb36c4cfa2,"DHK",Private,46,2,0,1,3,0,0,0,0,4,"2022-06-21T22:26:10Z"
539388b8-9d9a-43a7-b0d0-0865e1495da9,"Digimon DMST",Private,1,1,0,0,0,0,0,0,0,0,"2022-04-28T08:14:02Z"
291dc0ce-e46d-4fd7-8961-61a7260bab1a,"DInt - KRKI",Private,6,1,0,1,0,1,0,0,0,1,"2022-06-21T09:23:02Z"
f4469100-f5d3-4aa6-a867-f367d7e6316d,"Divisi MRPM",Private,3,1,0,0,0,0,0,0,0,0,"2022-06-14T02:02:44Z"
5845dc57-bbc4-4356-b861-f3cbddef56ec,"Divisi Perizinan PJSP",Private,9,1,0,0,0,0,0,0,0,0,"2022-06-21T08:30:16Z"
aa4c53a0-ecca-4594-a41c-53c4b8189711,"Divisi PIA SP",Private,7,4,0,0,0,0,0,0,0,0,"2022-06-20T10:36:40Z"
4bdc9705-5e6f-46a5-95af-7d8d0b1a4167,"Divisi PIA-Market",Private,13,5,2,0,2,0,0,0,0,5,"2022-06-21T08:42:01Z"
c0685f1d-a294-43df-a585-50c99f3db784,"Divisi PIA-MI",Private,14,1,0,0,1,0,0,0,0,1,"2022-06-21T08:03:51Z"
286faf73-d9b7-4291-9732-8e655cb15308,"Divisi SDP",Private,59,3,8,0,0,0,0,0,0,0,"2022-06-21T10:51:40Z"
d59564ad-54f6-4dfe-ab08-7c90953a92f8,"DKEM KSR",Private,7,1,0,7,343,0,0,0,0,351,"2022-06-21T12:33:23Z"
09dd9dc1-921b-40d3-b96a-58012ae3e7e3,"DKEMers TMI",Private,5,1,0,0,0,0,0,0,0,0,"2022-06-21T07:50:27Z"
f46b0a0e-f7a4-42e6-b75c-fd19c865f443,"DPBH 4.0",Private,2,1,0,0,0,0,0,0,0,0,"2022-04-07T00:35:41Z"
d816742e-71b1-4397-8b62-0c94a880a13c,"DPHMPK",Private,6,1,0,0,0,0,0,0,0,0,"2022-06-17T14:45:04Z"
5e9dbd08-24f7-41b8-871e-a7c443748419,"DPK-SOK",Private,2,1,0,0,0,0,0,0,0,0,"2022-06-21T04:25:58Z"
caf3c235-5171-4f95-9072-c3b5980d03aa,"Fungsi AE-AT",Private,12,8,0,4,5,2,0,0,0,9,"2022-06-21T09:03:35Z"
33f4ca90-ee0f-4298-a5f8-d1f6ef44a576,"GSKE",Private,5,1,0,0,0,0,0,0,0,0,"2022-06-03T09:04:29Z"
1b268768-77b2-4fbf-8855-a5271d52d3dd,"KAI",Private,7,3,0,0,0,6,0,0,0,0,"2022-06-17T01:32:37Z"
0623bf21-d871-4aa5-ad2c-b5d8e90a941c,"Kelompok 1",Private,6,1,0,0,0,0,0,0,0,0,"2022-06-21T01:56:55Z"
86548b93-2127-4ad9-afd8-d7508d5b8f60,"KEM Makro - DKEM",Private,2,1,0,0,0,0,0,0,0,0,"2022-05-27T04:02:10Z"
4397f2dd-a156-4bb0-852f-3ba87bd8d85d,"KISP",Private,1,1,0,0,0,0,0,0,0,0,"2022-04-11T09:11:55Z"
62ca4fcd-9f01-4c6c-806d-9036e42a5317,"KKHI",Private,4,1,0,0,0,0,0,0,0,0,"2022-05-30T03:05:55Z"
27425618-195a-44c4-8c5c-ec70c3cc94fb,"Koordinasi",Private,6,1,0,0,2,0,0,0,0,2,"2022-06-15T05:55:06Z"
29b49553-f165-4fa4-89f8-d2f555be1f08,"KPUM",Private,4,1,0,0,0,0,0,0,0,0,"2022-06-20T08:38:58Z"
a5e40301-fcc8-4831-9a03-6ac5b8971c8f,"KPwBI Cirebon",Private,3,1,0,0,0,0,0,0,0,0,"2022-06-20T13:15:47Z"
4ef751cf-1b8a-4589-a3c2-9891d84f7617,"KPwBI Provinsi Jawa Barat",Private,19,1,0,0,0,0,0,0,0,0,"2022-06-17T01:41:56Z"
df472e0d-486b-49a3-8572-2e65c80f29c6,"KPwBI Provinsi Sumatera Selatan",Private,7,2,0,0,0,0,0,0,0,0,"2022-06-14T02:04:31Z"
17001c6a-d262-44d0-8631-7db76bb1c167,"KPwBI Singapura",Private,10,4,1,74,19,169,0,2,43,96,"2022-06-21T23:31:40Z"
824c63f9-e47b-45d5-9f5a-4ffc4d05bb5d,"Pemeliharaan Aplikasi SP dan FMI",Private,2,4,0,0,0,0,0,0,0,0,"2022-06-17T08:20:57Z"
c2db072e-ee97-4986-9b00-ed9776d4fa87,"Pimpinan GSR",Private,1,1,0,0,0,0,0,0,0,0,"2022-06-08T08:05:07Z"
f6cd4197-198a-42f9-be7c-12a3a1ecf341,"Siaran Pers",Private,1,1,0,0,0,0,0,0,0,0,"2022-06-15T16:43:29Z"
34d43985-4966-4c24-81e6-63cd95073cc2,"SLA-DKMP",Private,1,1,0,0,0,0,0,0,0,0,"2022-06-08T00:42:54Z"
cb51219a-1b2c-451d-be59-bc76bd09c33d,"Survei Kepuasaan Pengguna Aplikasi",Private,5,4,0,6,2,0,0,0,18,9,"2022-06-21T11:18:09Z"
e55965d4-ac7e-4765-97b7-0cf52d88825b,"Timtur DPM",Private,12,2,0,2,0,9,0,0,0,2,"2022-06-21T12:42:23Z"
390f0ae6-196f-489f-8b1f-5fdcccb9f5cb,"UMI-DMR",Private,6,1,0,1,0,0,0,0,0,1,"2022-06-13T03:03:13Z"
